Rede;Etapa;Componente Curricular;Código do Município;Escola;Previstos;Avaliados;Avaliados (%);Proficiência Média;Não alfabetizado;Alfabetização incompleta;Intermediário;Suficiente;Desejável;H 01 (%);H 02 (%);H 03 (%);H 04 (%);H 05 (%);H 06 (%);H 07 (%);H 08 (%)
MUNICIPAL;ENSINO FUNDAMENTAL DE 9 ANOS - 2º ANO;LP;2301000 ;ALOISIO BERNARDO DE CASTRO EMEF;30;32;107;222;0%;0%;0%;3%;97%;100;-;100;96;97;44;93;85
MUNICIPAL;ENSINO FUNDAMENTAL DE 9 ANOS - 2º ANO;LP;2301000 ;ANTONIO DE BRITO LIMA EMEF;19;20;105;241;0%;0%;0%;0%;100%;97;-;100;90;95;80;94;100
MUNICIPAL;ENSINO FUNDAMENTAL DE 9 ANOS - 2º ANO;LP;2301000 ;CENTRO DE EDUCACAO E CIDADANIA MANUEL ASSUNCAO PIRES;34;35;103;249;0%;0%;0%;0%;100%;99;-;97;77;96;97;96;95
MUNICIPAL;ENSINO FUNDAMENTAL DE 9 ANOS - 2º ANO;LP;2301000 ;CENTRO DE EDUCACAO E CIDADANIA MARIA DE CASTRO BERNARDO;52;51;98;216;0%;0%;2%;8%;90%;92;100;96;90;80;88;67;84
MUNICIPAL;ENSINO FUNDAMENTAL DE 9 ANOS - 2º ANO;LP;2301000 ;CLARENCIO CRISOSTOMO DE FREITAS EMEF;15;15;100;243;0%;0%;0%;0%;100%;100;100;100;92;96;83;93;100
MUNICIPAL;ENSINO FUNDAMENTAL DE 9 ANOS - 2º ANO;LP;2301000 ;DIONISIA GUERRA EMEF;30;30;100;247;0%;0%;0%;0%;100%;96;100;100;92;100;82;94;93
MUNICIPAL;ENSINO FUNDAMENTAL DE 9 ANOS - 2º ANO;LP;2301000 ;FERDINANDO TANSI CENTRO EDUCACIONAL MUNICIPAL;31;30;97;218;0%;0%;0%;0%;100%;98;93;97;98;90;90;72;78
MUNICIPAL;ENSINO FUNDAMENTAL DE 9 ANOS - 2º ANO;LP;2301000 ;FRANCISCA MONTEIRO DA SILVA EMEF;31;32;103;231;0%;0%;0%;0%;100%;97;-;97;92;88;78;91;91
MUNICIPAL;ENSINO FUNDAMENTAL DE 9 ANOS - 2º ANO;LP;2301000 ;FRANCISCO DA SILVA SAMPAIO EMEF;18;19;106;262;0%;0%;0%;0%;100%;96;95;95;96;100;97;100;100
MUNICIPAL;ENSINO FUNDAMENTAL DE 9 ANOS - 2º ANO;LP;2301000 ;FRANCISCO GOMES FARIAS EMEF CEL;28;28;100;244;0%;0%;0%;0%;100%;98;-;100;98;94;93;98;82
MUNICIPAL;ENSINO FUNDAMENTAL DE 9 ANOS - 2º ANO;LP;2301000 ;GUILHERME JANJA EMEF;57;58;102;209;0%;0%;3%;0%;97%;96;100;98;81;89;70;80;79
MUNICIPAL;ENSINO FUNDAMENTAL DE 9 ANOS - 2º ANO;LP;2301000 ;HENRIQUE GONCALVES DA JUSTA FILHO EMEF;29;29;100;173;0%;0%;0%;28%;72%;97;79;91;69;72;60;36;54
MUNICIPAL;ENSINO FUNDAMENTAL DE 9 ANOS - 2º ANO;LP;2301000 ;JARBAS PASSARINHO MIN EMEF;12;12;100;198;0%;0%;0%;0%;100%;92;-;100;92;72;75;83;71
MUNICIPAL;ENSINO FUNDAMENTAL DE 9 ANOS - 2º ANO;LP;2301000 ;JOAQUIM DE SOUSA TAVARES EMEF;4;3;75;150;0%;0%;0%;33%;67%;75;-;100;33;100;33;42;100
MUNICIPAL;ENSINO FUNDAMENTAL DE 9 ANOS - 2º ANO;LP;2301000 ;JOSE ALMIR DA SILVA EMEF;21;22;105;238;0%;0%;0%;0%;100%;98;86;100;93;89;91;93;98
MUNICIPAL;ENSINO FUNDAMENTAL DE 9 ANOS - 2º ANO;LP;2301000 ;JOSE CAMARA DE ALMEIDA EMEF;24;24;100;268;0%;0%;0%;0%;100%;100;-;-;98;98;98;98;100
MUNICIPAL;ENSINO FUNDAMENTAL DE 9 ANOS - 2º ANO;LP;2301000 ;JOSE FERREIRA DA COSTA EMEF;19;20;105;198;0%;0%;5%;5%;90%;85;-;90;68;75;58;78;95
MUNICIPAL;ENSINO FUNDAMENTAL DE 9 ANOS - 2º ANO;LP;2301000 ;JOSE ISAAC SARAIVA DA CUNHA EMEF;22;21;95;276;0%;0%;0%;0%;100%;100;-;98;100;100;98;100;100
MUNICIPAL;ENSINO FUNDAMENTAL DE 9 ANOS - 2º ANO;LP;2301000 ;JOSE RAIMUNDO DA COSTA EMEF;19;19;100;262;0%;0%;0%;0%;100%;100;-;100;95;97;100;92;100
MUNICIPAL;ENSINO FUNDAMENTAL DE 9 ANOS - 2º ANO;LP;2301000 ;JOSE RODRIGUES MONTEIRO EMEF;58;61;105;267;0%;0%;0%;0%;100%;100;100;100;100;99;99;99;98
MUNICIPAL;ENSINO FUNDAMENTAL DE 9 ANOS - 2º ANO;LP;2301000 ;JUSCELINO KUBITSCHEK EMEF;27;28;104;256;0%;0%;0%;0%;100%;100;100;100;99;88;98;96;100
MUNICIPAL;ENSINO FUNDAMENTAL DE 9 ANOS - 2º ANO;LP;2301000 ;JUVENAL PEREIRA FACANHA EMEF;20;20;100;257;0%;0%;0%;0%;100%;100;-;100;99;97;78;93;98
MUNICIPAL;ENSINO FUNDAMENTAL DE 9 ANOS - 2º ANO;LP;2301000 ;LAGOA DE CIMA EMEF;26;26;100;217;0%;0%;4%;4%;92%;94;-;92;83;96;77;81;71
MUNICIPAL;ENSINO FUNDAMENTAL DE 9 ANOS - 2º ANO;LP;2301000 ;LAGOA DO MATO DE SERPA EMEF;26;26;100;262;0%;0%;0%;0%;100%;100;-;100;96;96;98;100;100
MUNICIPAL;ENSINO FUNDAMENTAL DE 9 ANOS - 2º ANO;LP;2301000 ;LAIS SIDRIM TARGINO EMEF;64;64;100;227;0%;0%;0%;2%;98%;94;100;97;94;91;73;88;85
MUNICIPAL;ENSINO FUNDAMENTAL DE 9 ANOS - 2º ANO;LP;2301000 ;LUIZ EDUARDO STUDART GOMES EMEF;12;12;100;190;0%;0%;0%;17%;83%;89;83;100;67;67;71;67;75
MUNICIPAL;ENSINO FUNDAMENTAL DE 9 ANOS - 2º ANO;LP;2301000 ;MARIA FACANHA DE SA EMEF;13;14;108;170;0%;0%;0%;29%;71%;96;-;100;62;64;32;54;52
MUNICIPAL;ENSINO FUNDAMENTAL DE 9 ANOS - 2º ANO;LP;2301000 ;MARIA MARGARIDA RAMOS COELHO EMEF;89;85;96;194;0%;1%;4%;6%;89%;95;88;94;79;77;63;66;71
MUNICIPAL;ENSINO FUNDAMENTAL DE 9 ANOS - 2º ANO;LP;2301000 ;PLACIDO CASTELO EMEF;62;63;102;264;0%;0%;0%;0%;100%;100;100;100;98;99;95;97;99
MUNICIPAL;ENSINO FUNDAMENTAL DE 9 ANOS - 2º ANO;LP;2301000 ;RAIMUNDA DE FREITAS FACANHA CEI;66;63;95;198;0%;0%;3%;3%;94%;96;-;87;74;89;50;76;73
MUNICIPAL;ENSINO FUNDAMENTAL DE 9 ANOS - 2º ANO;LP;2301000 ;RAIMUNDA FERREIRA DA SILVA EMEF;31;30;97;208;0%;0%;0%;3%;97%;100;-;98;100;88;85;82;70
MUNICIPAL;ENSINO FUNDAMENTAL DE 9 ANOS - 2º ANO;LP;2301000 ;RAIMUNDO RAMOS DA COSTA EMEF;65;66;102;206;0%;0%;5%;11%;85%;86;93;95;80;68;80;55;80
MUNICIPAL;ENSINO FUNDAMENTAL DE 9 ANOS - 2º ANO;LP;2301000 ;RITA PAULA DE BRITO EMEF;49;51;104;187;0%;0%;2%;18%;80%;92;-;92;72;68;49;63;74
MUNICIPAL;ENSINO FUNDAMENTAL DE 9 ANOS - 2º ANO;LP;2301000 ;VILA PAGA EMEF;13;14;108;243;0%;0%;0%;0%;100%;100;-;93;89;93;82;93;93
MUNICIPAL;ENSINO FUNDAMENTAL DE 9 ANOS - 2º ANO;LP;2301000 ;VINDINA ASSUNCAO DE AQUINO EMEF;36;38;106;224;0%;0%;0%;0%;100%;98;95;100;95;82;92;75;83
MUNICIPAL;ENSINO FUNDAMENTAL DE 9 ANOS - 2º ANO;LP;2303709 ;12 DE OUTUBRO EEIEF;57;57;100;217;0%;0%;0%;4%;96%;92;95;100;96;86;75;82;64
MUNICIPAL;ENSINO FUNDAMENTAL DE 9 ANOS - 2º ANO;LP;2303709 ;7 DE SETEMBRO EEIEF;69;70;101;208;0%;0%;3%;13%;84%;95;73;93;86;85;72;77;68
MUNICIPAL;ENSINO FUNDAMENTAL DE 9 ANOS - 2º ANO;LP;2303709 ;ABA TAPEBA EDEIEF;50;51;102;196;0%;0%;0%;6%;94%;87;-;90;85;65;75;74;87
MUNICIPAL;ENSINO FUNDAMENTAL DE 9 ANOS - 2º ANO;LP;2303709 ;ADELIA CRISOSTOMO EEIEF;38;38;100;174;0%;0%;3%;18%;79%;88;94;91;65;66;58;50;69
MUNICIPAL;ENSINO FUNDAMENTAL DE 9 ANOS - 2º ANO;LP;2303709 ;ADRIANO MARTINS EEIEF;45;44;98;189;0%;0%;7%;7%;86%;92;100;94;47;79;50;82;90
MUNICIPAL;ENSINO FUNDAMENTAL DE 9 ANOS - 2º ANO;LP;2303709 ;ALBA PESSOA DA SILVA EEIEF;57;57;100;215;0%;0%;0%;2%;98%;94;-;96;95;84;92;65;92
MUNICIPAL;ENSINO FUNDAMENTAL DE 9 ANOS - 2º ANO;LP;2303709 ;ALICE MOREIRA DE OLIVEIRA EEIEF;51;52;102;201;0%;0%;2%;13%;85%;95;91;93;82;69;67;75;75
MUNICIPAL;ENSINO FUNDAMENTAL DE 9 ANOS - 2º ANO;LP;2303709 ;ALUIZIO PEREIRA LIMA EEIEF;9;9;100;192;0%;0%;0%;0%;100%;89;-;100;83;100;67;58;67
MUNICIPAL;ENSINO FUNDAMENTAL DE 9 ANOS - 2º ANO;LP;2303709 ;AMARO RODRIGUES DOS SANTOS EEIEF;11;12;109;149;0%;17%;0%;25%;58%;83;-;71;38;50;58;58;54
MUNICIPAL;ENSINO FUNDAMENTAL DE 9 ANOS - 2º ANO;LP;2303709 ;ANTONIO ALBUQUERQUE SOUSA FILHO EEIEF;144;145;101;183;0%;0%;6%;14%;79%;86;91;93;80;69;57;57;67
MUNICIPAL;ENSINO FUNDAMENTAL DE 9 ANOS - 2º ANO;LP;2303709 ;ANTONIO BRAGA DA ROCHA EEIEF;109;110;101;212;0%;1%;3%;3%;94%;92;95;95;78;89;71;86;81
MUNICIPAL;ENSINO FUNDAMENTAL DE 9 ANOS - 2º ANO;LP;2303709 ;ANTONIO DIAS MACEDO EEIEF;15;15;100;182;0%;0%;0%;13%;87%;87;-;-;77;57;33;75;60
MUNICIPAL;ENSINO FUNDAMENTAL DE 9 ANOS - 2º ANO;LP;2303709 ;ANTONIO MIRANDA DE MELO EEIEF;79;79;100;166;0%;1%;22%;20%;57%;77;-;80;45;60;58;55;62
MUNICIPAL;ENSINO FUNDAMENTAL DE 9 ANOS - 2º ANO;LP;2303709 ;AUGUSTO CESAR SILVA SALES EEIEF;63;63;100;180;0%;0%;6%;10%;84%;89;82;88;74;59;55;64;67
MUNICIPAL;ENSINO FUNDAMENTAL DE 9 ANOS - 2º ANO;LP;2303709 ;AUREA ALVES PEREIRA EEIEF;14;16;114;177;0%;0%;0%;19%;81%;89;-;100;66;81;47;50;56
MUNICIPAL;ENSINO FUNDAMENTAL DE 9 ANOS - 2º ANO;LP;2303709 ;BELO MONTE EEIEF;4;4;100;187;0%;0%;0%;0%;100%;100;-;100;50;75;100;88;75
MUNICIPAL;ENSINO FUNDAMENTAL DE 9 ANOS - 2º ANO;LP;2303709 ;CACIQUE ANTONIO FERREIRA DA SILVA EDEIEF;10;10;100;247;0%;0%;10%;0%;90%;93;-;95;90;75;95;100;97
MUNICIPAL;ENSINO FUNDAMENTAL DE 9 ANOS - 2º ANO;LP;2303709 ;CELINA SA MORAIS EEIEF;72;70;97;184;0%;0%;7%;16%;77%;85;73;94;75;60;63;60;70
MUNICIPAL;ENSINO FUNDAMENTAL DE 9 ANOS - 2º ANO;LP;2303709 ;CESAR NILDO GONDIM PAMPLONA EEIEF;39;40;103;172;0%;0%;5%;13%;83%;85;-;85;80;58;55;57;51
MUNICIPAL;ENSINO FUNDAMENTAL DE 9 ANOS - 2º ANO;LP;2303709 ;CONRADO TEIXEIRA EDEIEF TAPEBA;19;18;95;234;0%;0%;0%;0%;100%;96;-;97;83;94;64;89;100
MUNICIPAL;ENSINO FUNDAMENTAL DE 9 ANOS - 2º ANO;LP;2303709 ;CORONEL PINHO EEIEF;20;21;105;204;0%;0%;0%;5%;95%;98;95;98;90;88;52;81;67
MUNICIPAL;ENSINO FUNDAMENTAL DE 9 ANOS - 2º ANO;LP;2303709 ;CORONEL RAIMUNDO DE OLIVEIRA EEIEF;56;59;105;221;0%;0%;0%;2%;98%;95;-;98;93;86;92;80;75
MUNICIPAL;ENSINO FUNDAMENTAL DE 9 ANOS - 2º ANO;LP;2303709 ;CRISTIANO NUNES DE MELO EEIEF;4;4;100;154;0%;0%;0%;50%;50%;83;100;100;63;50;38;38;38
MUNICIPAL;ENSINO FUNDAMENTAL DE 9 ANOS - 2º ANO;LP;2303709 ;DANILO DALMO DA ROCHA CORREA EEIEF;95;100;105;165;0%;3%;13%;15%;69%;82;-;79;65;62;41;54;51
MUNICIPAL;ENSINO FUNDAMENTAL DE 9 ANOS - 2º ANO;LP;2303709 ;DANILO SA BENEVIDES MAGALHAES EEIEF;37;38;103;169;0%;0%;16%;24%;61%;89;58;75;79;43;58;59;59
MUNICIPAL;ENSINO FUNDAMENTAL DE 9 ANOS - 2º ANO;LP;2303709 ;DOMINGOS ABREU BRASILEIRO EEIEF;21;21;100;206;0%;0%;0%;10%;90%;100;100;95;88;86;76;60;74
MUNICIPAL;ENSINO FUNDAMENTAL DE 9 ANOS - 2º ANO;LP;2303709 ;DONA LAVINIA DE MEDEIROS EEIEF;34;36;106;170;0%;3%;8%;28%;61%;83;100;86;53;62;54;57;57
MUNICIPAL;ENSINO FUNDAMENTAL DE 9 ANOS - 2º ANO;LP;2303709 ;ECONOMISTA RUBENS VAZ DA COSTA EEIEF;132;139;105;165;0%;4%;13%;22%;62%;83;71;77;65;57;52;49;56
MUNICIPAL;ENSINO FUNDAMENTAL DE 9 ANOS - 2º ANO;LP;2303709 ;EDGARD VIEIRA GUERRA EEIEF;73;76;104;213;0%;1%;5%;7%;87%;85;100;83;81;85;78;75;94
MUNICIPAL;ENSINO FUNDAMENTAL DE 9 ANOS - 2º ANO;LP;2303709 ;ERBE TEIXEIRA FIRMEZA EEIEF;98;94;96;206;0%;0%;1%;10%;89%;90;88;95;82;76;66;71;85
MUNICIPAL;ENSINO FUNDAMENTAL DE 9 ANOS - 2º ANO;LP;2303709 ;ESTEVAM MATIAS DE PAULA EEIEF;17;18;106;193;0%;0%;6%;6%;89%;96;89;97;100;69;81;47;48
MUNICIPAL;ENSINO FUNDAMENTAL DE 9 ANOS - 2º ANO;LP;2303709 ;FAUSTO DARIO SALES EEIEF;17;17;100;232;0%;0%;6%;0%;94%;85;-;94;94;84;76;88;91
MUNICIPAL;ENSINO FUNDAMENTAL DE 9 ANOS - 2º ANO;LP;2303709 ;FIRMINO SOARES DE MOURA EEIEF;14;15;107;144;0%;0%;27%;33%;40%;60;-;80;51;33;17;38;80
MUNICIPAL;ENSINO FUNDAMENTAL DE 9 ANOS - 2º ANO;LP;2303709 ;FRANCISCO NOGUEIRA DA MOTA EEIEF;12;13;108;154;0%;0%;0%;46%;54%;100;92;77;50;19;54;42;62
MUNICIPAL;ENSINO FUNDAMENTAL DE 9 ANOS - 2º ANO;LP;2303709 ;FRANCISCO NUNES DE MIRANDA EEIEF;21;22;105;161;0%;0%;23%;23%;55%;68;-;-;57;52;55;58;32
MUNICIPAL;ENSINO FUNDAMENTAL DE 9 ANOS - 2º ANO;LP;2303709 ;GUARARU EEIEF;15;15;100;185;0%;0%;0%;20%;80%;90;-;73;53;87;57;72;100
MUNICIPAL;ENSINO FUNDAMENTAL DE 9 ANOS - 2º ANO;LP;2303709 ;HELENA DE AGUIAR DIAS EEIEF;46;48;104;161;0%;2%;10%;27%;60%;90;-;77;48;68;43;48;44
MUNICIPAL;ENSINO FUNDAMENTAL DE 9 ANOS - 2º ANO;LP;2303709 ;INA ARRUDA EEIEF;80;83;104;172;0%;0%;8%;18%;73%;87;95;89;67;60;57;57;68
MUNICIPAL;ENSINO FUNDAMENTAL DE 9 ANOS - 2º ANO;LP;2303709 ;JOAO CORDEIRO DE MIRANDA EEIEF;12;12;100;191;0%;0%;0%;8%;92%;94;-;100;92;92;46;79;33
MUNICIPAL;ENSINO FUNDAMENTAL DE 9 ANOS - 2º ANO;LP;2303709 ;JOSE CRISOSTOMO BASILIO EEIEF;14;14;100;194;0%;0%;0%;7%;93%;73;-;89;50;79;96;89;100
MUNICIPAL;ENSINO FUNDAMENTAL DE 9 ANOS - 2º ANO;LP;2303709 ;JOSE NUNES DE MIRANDA EEIEF;2;2;100;190;0%;0%;0%;0%;100%;88;-;100;100;75;75;50;67
MUNICIPAL;ENSINO FUNDAMENTAL DE 9 ANOS - 2º ANO;LP;2303709 ;JOSE OLAVO LOPES MOREIRA EEIEF;24;25;104;157;0%;0%;12%;24%;64%;84;84;92;66;28;54;46;42
MUNICIPAL;ENSINO FUNDAMENTAL DE 9 ANOS - 2º ANO;LP;2303709 ;JOSE PONTES FILHO EEIEF;11;12;109;175;0%;0%;8%;17%;75%;77;-;100;80;57;38;58;64
MUNICIPAL;ENSINO FUNDAMENTAL DE 9 ANOS - 2º ANO;LP;2303709 ;JOSEFA ALVES DOS SANTOS EEIEF;36;36;100;210;0%;0%;0%;0%;100%;99;100;97;97;94;88;56;88
MUNICIPAL;ENSINO FUNDAMENTAL DE 9 ANOS - 2º ANO;LP;2303709 ;JULIO DE CASTRO E SILVA EEIEF;3;3;100;175;0%;0%;0%;33%;67%;75;-;100;78;67;67;50;33
MUNICIPAL;ENSINO FUNDAMENTAL DE 9 ANOS - 2º ANO;LP;2303709 ;LAURIANO BRAZ XAVIER EEIEF;5;5;100;223;0%;0%;0%;20%;80%;100;-;90;90;80;100;100;75
MUNICIPAL;ENSINO FUNDAMENTAL DE 9 ANOS - 2º ANO;LP;2303709 ;LUIS PAULINO DO NASCIMENTO EEIEF;36;35;97;206;0%;0%;0%;0%;100%;94;94;98;96;93;74;56;81
MUNICIPAL;ENSINO FUNDAMENTAL DE 9 ANOS - 2º ANO;LP;2303709 ;LUIZ DE GONZAGA FONSECA MOTA EEIEF;74;77;104;165;0%;0%;13%;27%;60%;79;77;83;61;58;47;50;64
MUNICIPAL;ENSINO FUNDAMENTAL DE 9 ANOS - 2º ANO;LP;2303709 ;LUIZ PAZ EEIEF;2;2;100;180;0%;0%;0%;0%;100%;88;-;100;17;100;50;88;100
MUNICIPAL;ENSINO FUNDAMENTAL DE 9 ANOS - 2º ANO;LP;2303709 ;LUIZ ROCHA MOTA EEIEF;6;6;100;217;0%;0%;0%;0%;100%;100;-;100;0;100;33;100;100
MUNICIPAL;ENSINO FUNDAMENTAL DE 9 ANOS - 2º ANO;LP;2303709 ;LUIZA MORAES CORREIA TAVORA EEIEF;125;126;101;182;0%;2%;7%;12%;79%;87;65;87;75;62;68;61;65
MUNICIPAL;ENSINO FUNDAMENTAL DE 9 ANOS - 2º ANO;LP;2303709 ;LUZIA CORREIA SALES EEIEF;76;77;101;191;0%;0%;1%;5%;94%;90;-;95;65;85;68;67;78
MUNICIPAL;ENSINO FUNDAMENTAL DE 9 ANOS - 2º ANO;LP;2303709 ;MANOEL PEREIRA MARQUES EEIEF;6;7;117;179;0%;0%;0%;0%;100%;67;100;100;93;43;100;43;79
MUNICIPAL;ENSINO FUNDAMENTAL DE 9 ANOS - 2º ANO;LP;2303709 ;MANUEL CAMILO EEIEF;36;37;103;154;0%;5%;16%;30%;49%;67;67;86;57;45;35;40;58
MUNICIPAL;ENSINO FUNDAMENTAL DE 9 ANOS - 2º ANO;LP;2303709 ;MARIA CORINA MOURA ARRUDA EEIEF;30;32;107;194;0%;0%;0%;9%;91%;94;-;94;91;83;59;82;52
MUNICIPAL;ENSINO FUNDAMENTAL DE 9 ANOS - 2º ANO;LP;2303709 ;MARIA DE LOURDES ROCHA EEIEF;58;57;98;194;0%;2%;7%;11%;81%;93;67;86;84;68;65;73;64
MUNICIPAL;ENSINO FUNDAMENTAL DE 9 ANOS - 2º ANO;LP;2303709 ;MARIA GUIMARAES PRATA EEIEF;18;18;100;165;0%;0%;22%;17%;61%;74;-;94;50;33;69;54;72
MUNICIPAL;ENSINO FUNDAMENTAL DE 9 ANOS - 2º ANO;LP;2303709 ;MARIA HELENA MOREIRA DA SILVA EEIEF;36;38;106;190;0%;0%;11%;18%;71%;87;89;92;61;72;58;56;82
MUNICIPAL;ENSINO FUNDAMENTAL DE 9 ANOS - 2º ANO;LP;2303709 ;MARIA INOCENCIA DE ARAUJO EEIEF;26;25;96;185;0%;4%;4%;0%;92%;88;-;100;55;73;58;70;92
MUNICIPAL;ENSINO FUNDAMENTAL DE 9 ANOS - 2º ANO;LP;2303709 ;MARIA LUIZA DO VALE FORTE EEIEF;39;41;105;257;0%;0%;0%;0%;100%;88;-;98;88;91;100;95;98
MUNICIPAL;ENSINO FUNDAMENTAL DE 9 ANOS - 2º ANO;LP;2303709 ;MARIA SILVA DO NASCIMENTO EDEIEF TAPEBA;3;3;100;214;0%;0%;0%;0%;100%;100;-;100;100;50;100;100;100
MUNICIPAL;ENSINO FUNDAMENTAL DE 9 ANOS - 2º ANO;LP;2303709 ;MARIANA DE MIRANDA FIRMEZA EEIEF;7;7;100;173;0%;0%;0%;14%;86%;76;100;86;86;50;79;29;64
MUNICIPAL;ENSINO FUNDAMENTAL DE 9 ANOS - 2º ANO;LP;2303709 ;MARIETA MOTA GOIS EEIEF;22;22;100;179;0%;0%;0%;9%;91%;100;95;100;84;62;93;27;59
MUNICIPAL;ENSINO FUNDAMENTAL DE 9 ANOS - 2º ANO;LP;2303709 ;MIRTES SILVA DE MENEZES EEIEF;10;10;100;196;0%;0%;0%;0%;100%;100;-;100;68;80;55;75;85
MUNICIPAL;ENSINO FUNDAMENTAL DE 9 ANOS - 2º ANO;LP;2303709 ;MOACIR PINHEIRO DE SOUSA EEIEF;7;8;114;148;0%;0%;13%;50%;38%;81;-;-;63;38;25;34;25
MUNICIPAL;ENSINO FUNDAMENTAL DE 9 ANOS - 2º ANO;LP;2303709 ;MONSENHOR ANDRE VIANA CAMURCA EEIEF;107;101;94;200;0%;0%;0%;4%;96%;94;100;97;84;66;78;69;76
MUNICIPAL;ENSINO FUNDAMENTAL DE 9 ANOS - 2º ANO;LP;2303709 ;NAIR MAGALHAES GUERRA EEIEF;51;52;102;168;0%;2%;10%;13%;75%;83;100;89;70;53;56;51;42
MUNICIPAL;ENSINO FUNDAMENTAL DE 9 ANOS - 2º ANO;LP;2303709 ;NELY CAULA DE CARVALHO EEIEF;97;98;101;211;0%;0%;0%;3%;97%;89;90;96;84;83;77;74;85
MUNICIPAL;ENSINO FUNDAMENTAL DE 9 ANOS - 2º ANO;LP;2303709 ;NOELIA ALENCAR EEIEF;91;90;99;170;0%;2%;8%;17%;73%;81;-;90;61;61;53;61;63
MUNICIPAL;ENSINO FUNDAMENTAL DE 9 ANOS - 2º ANO;LP;2303709 ;NOSSA SENHORA DA CONCEICAO EEIEF;14;14;100;208;0%;0%;0%;7%;93%;80;-;100;89;64;82;75;82
MUNICIPAL;ENSINO FUNDAMENTAL DE 9 ANOS - 2º ANO;LP;2303709 ;OSCAR DE AZEVEDO E SA EEIEF;33;34;103;203;0%;0%;0%;18%;82%;96;97;92;86;77;72;68;72
MUNICIPAL;ENSINO FUNDAMENTAL DE 9 ANOS - 2º ANO;LP;2303709 ;OSMAR DIOGENES PINHEIRO EEIEF;49;52;106;223;0%;0%;0%;0%;100%;96;-;98;94;75;89;90;82
MUNICIPAL;ENSINO FUNDAMENTAL DE 9 ANOS - 2º ANO;LP;2303709 ;PATRONATO PIO XI EEIEF;121;119;98;188;0%;1%;4%;8%;87%;87;94;93;76;69;71;58;77
MUNICIPAL;ENSINO FUNDAMENTAL DE 9 ANOS - 2º ANO;LP;2303709 ;PEDRO LAURINO DE OLIVEIRA EEIEF;76;70;92;187;0%;3%;6%;3%;89%;91;75;95;79;68;60;62;54
MUNICIPAL;ENSINO FUNDAMENTAL DE 9 ANOS - 2º ANO;LP;2303709 ;PEDRO MOREIRA DE OLIVEIRA EEIEF;28;28;100;225;0%;0%;0%;7%;93%;91;-;96;93;90;70;90;95
MUNICIPAL;ENSINO FUNDAMENTAL DE 9 ANOS - 2º ANO;LP;2303709 ;PEDRO PAULINO DA ROCHA EEIEF;11;11;100;159;0%;9%;18%;9%;64%;91;73;77;45;23;68;41;64
MUNICIPAL;ENSINO FUNDAMENTAL DE 9 ANOS - 2º ANO;LP;2303709 ;PLACIDO MONTEIRO GONDIM EEIEF;31;31;100;183;0%;0%;6%;13%;81%;82;-;60;68;79;48;67;87
MUNICIPAL;ENSINO FUNDAMENTAL DE 9 ANOS - 2º ANO;LP;2303709 ;PROFISSIONAL BATISTA EEIEF;48;50;104;189;0%;2%;0%;6%;92%;95;-;97;48;86;63;57;67
MUNICIPAL;ENSINO FUNDAMENTAL DE 9 ANOS - 2º ANO;LP;2303709 ;RAIMUNDA NONATA FORTE SALES EEIEF;25;25;100;185;0%;0%;8%;24%;68%;80;-;76;82;64;70;82;70
MUNICIPAL;ENSINO FUNDAMENTAL DE 9 ANOS - 2º ANO;LP;2303709 ;RAIMUNDO JERONIMO DE SOUSA EEIEF;46;43;93;157;0%;2%;14%;21%;63%;85;77;91;63;40;52;35;55
MUNICIPAL;ENSINO FUNDAMENTAL DE 9 ANOS - 2º ANO;LP;2303709 ;RAIMUNDO JOSE DOS SANTOS EEIEF;24;25;104;143;0%;4%;8%;56%;32%;82;-;64;44;41;34;52;52
MUNICIPAL;ENSINO FUNDAMENTAL DE 9 ANOS - 2º ANO;LP;2303709 ;RITA DE CASSIA BRASILEIRO PONTES EEIEF;135;129;96;192;0%;1%;1%;5%;94%;92;95;96;80;69;70;64;73
MUNICIPAL;ENSINO FUNDAMENTAL DE 9 ANOS - 2º ANO;LP;2303709 ;ROBERTO JOSE BASTOS MACAMBIRA EEIEF;62;62;100;176;0%;0%;8%;16%;76%;87;90;90;64;60;55;52;64
MUNICIPAL;ENSINO FUNDAMENTAL DE 9 ANOS - 2º ANO;LP;2303709 ;ROSA BRAZ COELHO EQEIEF;12;13;108;210;0%;0%;0%;8%;92%;96;-;100;98;85;73;77;69
MUNICIPAL;ENSINO FUNDAMENTAL DE 9 ANOS - 2º ANO;LP;2303709 ;SANTA JOANA DARC EEIEF;9;9;100;278;0%;0%;0%;0%;100%;100;-;100;100;100;100;100;100
MUNICIPAL;ENSINO FUNDAMENTAL DE 9 ANOS - 2º ANO;LP;2303709 ;SANTA RITA CATARINA EEIEF;8;9;113;193;0%;0%;0%;11%;89%;96;67;89;67;72;89;78;89
MUNICIPAL;ENSINO FUNDAMENTAL DE 9 ANOS - 2º ANO;LP;2303709 ;SAO SEBASTIAO EEIEF;29;28;97;163;0%;0%;18%;21%;61%;71;100;50;60;55;29;54;63
MUNICIPAL;ENSINO FUNDAMENTAL DE 9 ANOS - 2º ANO;LP;2303709 ;SAUL GOMES DE MATOS EEIEF;21;20;95;153;0%;10%;15%;30%;45%;73;-;70;48;55;38;34;80
MUNICIPAL;ENSINO FUNDAMENTAL DE 9 ANOS - 2º ANO;LP;2303709 ;SEBASTIAO BEZERRA DOS SANTOS EEIEF;104;102;98;205;0%;2%;7%;7%;84%;93;68;95;77;71;68;72;81
MUNICIPAL;ENSINO FUNDAMENTAL DE 9 ANOS - 2º ANO;LP;2303709 ;TAPEBA ANGATURAMA LINDALVA TEIXEIRA EDEIEF;25;27;108;196;0%;0%;0%;4%;96%;95;-;93;74;74;74;68;72
MUNICIPAL;ENSINO FUNDAMENTAL DE 9 ANOS - 2º ANO;LP;2303709 ;TECLA GONZAGA SALES EEIEF;33;33;100;178;0%;3%;6%;15%;76%;83;-;82;57;74;58;62;55
MUNICIPAL;ENSINO FUNDAMENTAL DE 9 ANOS - 2º ANO;LP;2303709 ;TIO MANUEL EEIEF;33;34;103;153;0%;3%;26%;21%;50%;87;82;75;59;44;46;51;49
MUNICIPAL;ENSINO FUNDAMENTAL DE 9 ANOS - 2º ANO;LP;2303709 ;TIRADENTES EEIEF;73;72;99;178;0%;4%;4%;13%;79%;89;96;92;78;66;53;52;61
MUNICIPAL;ENSINO FUNDAMENTAL DE 9 ANOS - 2º ANO;LP;2303709 ;VERONICA MARIA SILVA DE MENEZES EEIEF;30;29;97;195;0%;0%;7%;14%;79%;94;86;83;59;71;62;64;89
MUNICIPAL;ENSINO FUNDAMENTAL DE 9 ANOS - 2º ANO;LP;2303709 ;VICENTE TORQUATO DE ARAUJO EEIEF;17;18;106;154;0%;0%;22%;22%;56%;79;-;88;65;34;56;58;43
MUNICIPAL;ENSINO FUNDAMENTAL DE 9 ANOS - 2º ANO;LP;2303709 ;YARA GUERRA SILVA EQEIEF;3;3;100;136;0%;0%;33%;33%;33%;67;-;100;11;0;17;42;67
MUNICIPAL;ENSINO FUNDAMENTAL DE 9 ANOS - 2º ANO;LP;2304285 ;ADELINO BEZERRA EEIEF;47;47;100;273;0%;0%;0%;0%;100%;100;100;100;99;99;98;100;100
MUNICIPAL;ENSINO FUNDAMENTAL DE 9 ANOS - 2º ANO;LP;2304285 ;CRIANCA VIVENDO FELIZ ESCOLA CRECHE;23;23;100;213;0%;0%;4%;0%;96%;89;-;-;92;74;80;76;87
MUNICIPAL;ENSINO FUNDAMENTAL DE 9 ANOS - 2º ANO;LP;2304285 ;DAS GUARIBAS EEIEF;37;39;105;188;0%;0%;5%;13%;82%;97;-;90;64;83;59;68;53
MUNICIPAL;ENSINO FUNDAMENTAL DE 9 ANOS - 2º ANO;LP;2304285 ;DO CARARU EEIEF;64;66;103;233;0%;0%;0%;0%;100%;98;100;100;98;83;93;90;83
MUNICIPAL;ENSINO FUNDAMENTAL DE 9 ANOS - 2º ANO;LP;2304285 ;DO LARGAO ESCOLA DE EDUCACAO INFANTIL E ENSINO FUNDAMENTAL;74;76;103;240;0%;0%;0%;0%;100%;98;-;97;86;92;80;99;96
MUNICIPAL;ENSINO FUNDAMENTAL DE 9 ANOS - 2º ANO;LP;2304285 ;ELISBAO PIO EEIEF;29;30;103;259;0%;0%;0%;0%;100%;99;-;100;100;100;95;90;98
MUNICIPAL;ENSINO FUNDAMENTAL DE 9 ANOS - 2º ANO;LP;2304285 ;EROTIDES MELO LIMA EEIEF;49;51;104;269;0%;0%;0%;0%;100%;100;100;100;100;100;97;100;97
MUNICIPAL;ENSINO FUNDAMENTAL DE 9 ANOS - 2º ANO;LP;2304285 ;FRANCISCO TAVARES DE ABREU EEIEF;61;65;107;204;0%;0%;2%;3%;95%;96;97;92;92;86;65;79;61
MUNICIPAL;ENSINO FUNDAMENTAL DE 9 ANOS - 2º ANO;LP;2304285 ;IZIDIO JOSE CAMPINA EEIEF;47;47;100;240;0%;0%;0%;0%;100%;99;-;100;86;97;88;99;96
MUNICIPAL;ENSINO FUNDAMENTAL DE 9 ANOS - 2º ANO;LP;2304285 ;JOSEFA SA EEIEF;48;50;104;246;0%;0%;0%;0%;100%;99;100;97;98;94;98;77;97
MUNICIPAL;ENSINO FUNDAMENTAL DE 9 ANOS - 2º ANO;LP;2304285 ;LUCIMAR GOMES DA SILVA EEF;23;22;96;210;0%;0%;0%;0%;100%;97;-;100;83;91;89;69;91
MUNICIPAL;ENSINO FUNDAMENTAL DE 9 ANOS - 2º ANO;LP;2304285 ;MARIA TAVARES DE SOUZA CENTRO DE EDUCACAO INFANTIL;64;66;103;214;0%;0%;0%;3%;97%;95;100;98;86;85;71;77;91
MUNICIPAL;ENSINO FUNDAMENTAL DE 9 ANOS - 2º ANO;LP;2304285 ;MARIO SALES EEIEF;67;69;103;245;0%;0%;0%;0%;100%;99;94;99;89;99;97;97;86
MUNICIPAL;ENSINO FUNDAMENTAL DE 9 ANOS - 2º ANO;LP;2304285 ;MIRIAN ABREU EEIEF;76;79;104;229;0%;0%;0%;0%;100%;99;100;99;88;89;85;89;94
MUNICIPAL;ENSINO FUNDAMENTAL DE 9 ANOS - 2º ANO;LP;2304285 ;MUNDO ENCANTADO DA CRIANCA CRECHE;35;35;100;207;0%;0%;0%;0%;100%;98;-;97;71;90;84;77;81
MUNICIPAL;ENSINO FUNDAMENTAL DE 9 ANOS - 2º ANO;LP;2304285 ;OSCAR FEITOSA DE PAIVA EEIEF;45;46;102;267;0%;0%;0%;0%;100%;97;100;100;99;100;97;100;100
MUNICIPAL;ENSINO FUNDAMENTAL DE 9 ANOS - 2º ANO;LP;2304285 ;OTONI SA EEIEF;71;70;99;244;0%;0%;1%;1%;97%;89;92;100;97;81;91;90;89
MUNICIPAL;ENSINO FUNDAMENTAL DE 9 ANOS - 2º ANO;LP;2304285 ;RAUL TAVARES CAVALCANTE I EEIEF;77;79;103;185;0%;0%;4%;15%;81%;93;83;88;78;63;53;67;71
MUNICIPAL;ENSINO FUNDAMENTAL DE 9 ANOS - 2º ANO;LP;2304285 ;SANTA CLARA EEIEF;66;66;100;240;0%;0%;0%;0%;100%;96;100;100;96;92;88;87;97
MUNICIPAL;ENSINO FUNDAMENTAL DE 9 ANOS - 2º ANO;LP;2304285 ;SAO MIGUEL EEIEF;52;49;94;222;0%;0%;0%;0%;100%;99;-;99;82;87;74;84;94
MUNICIPAL;ENSINO FUNDAMENTAL DE 9 ANOS - 2º ANO;LP;2304954 ;ESCOLA DE EDUCACAO BASICA MUNICIPAL MARIA CAVALCANTI LEITE;8;7;88;174;0%;0%;0%;14%;86%;96;-;86;71;64;79;64;57
MUNICIPAL;ENSINO FUNDAMENTAL DE 9 ANOS - 2º ANO;LP;2304954 ;ESCOLA DE EDUCACAO BASICA MUNICIPAL SANTO ANTONIO;44;46;105;195;0%;0%;2%;4%;93%;91;74;89;89;68;86;79;72
MUNICIPAL;ENSINO FUNDAMENTAL DE 9 ANOS - 2º ANO;LP;2304954 ;FCO BANDEIRA TORRES ESC EDUC BASICA MUNICIPAL;45;46;102;193;0%;2%;9%;15%;74%;96;74;91;72;74;66;64;64
MUNICIPAL;ENSINO FUNDAMENTAL DE 9 ANOS - 2º ANO;LP;2304954 ;FCO MONTEIRO FILHO ESC EDUC BASICA MUNICIPAL;15;15;100;188;0%;0%;0%;0%;100%;90;-;100;93;93;53;57;57
MUNICIPAL;ENSINO FUNDAMENTAL DE 9 ANOS - 2º ANO;LP;2304954 ;FRANCISCO ALVES SALDANHA ESC DE EDU BASICA MUNICIPAL;4;4;100;134;0%;0%;25%;50%;25%;81;-;63;63;50;0;25;50
MUNICIPAL;ENSINO FUNDAMENTAL DE 9 ANOS - 2º ANO;LP;2304954 ;FRANCISCO PEREIRA DE ANDRADE ESC EDUC BASICA MUL;21;21;100;188;0%;0%;10%;5%;86%;88;89;88;93;52;71;81;80
MUNICIPAL;ENSINO FUNDAMENTAL DE 9 ANOS - 2º ANO;LP;2304954 ;HILDA FRADIQUE ACCIOLY ESC EDUC BAS MUNICIPAL;15;14;93;265;0%;0%;0%;0%;100%;100;-;100;98;93;96;100;100
MUNICIPAL;ENSINO FUNDAMENTAL DE 9 ANOS - 2º ANO;LP;2304954 ;JOSE CABRAL DE ARAUJO ESC EDUC BASICA MUL;55;55;100;178;0%;2%;11%;13%;75%;84;78;84;75;73;58;57;53
MUNICIPAL;ENSINO FUNDAMENTAL DE 9 ANOS - 2º ANO;LP;2304954 ;JOSE MARIA DE CASTRO ESCOLA DE EDUCACAO BASICA MUNICIPALDE 1 GR;3;3;100;201;0%;0%;0%;0%;100%;92;-;100;33;100;83;100;100
MUNICIPAL;ENSINO FUNDAMENTAL DE 9 ANOS - 2º ANO;LP;2304954 ;JOSE VIEIRA MARTINS ESC EDUC BASICA MUNICIPAL;13;13;100;187;0%;0%;0%;0%;100%;100;100;100;100;73;69;27;69
MUNICIPAL;ENSINO FUNDAMENTAL DE 9 ANOS - 2º ANO;LP;2304954 ;MANUEL XAVIER PIRES ESCOLA DE EDUCACAO BASICA MUNICIPAL;12;12;100;226;0%;0%;0%;0%;100%;100;-;100;100;100;54;96;96
MUNICIPAL;ENSINO FUNDAMENTAL DE 9 ANOS - 2º ANO;LP;2304954 ;MARIA DE LOURDES PEREIRA ESC EDUC BASICA MUNICIPAL;19;19;100;170;0%;0%;26%;16%;58%;70;-;68;67;53;45;54;84
MUNICIPAL;ENSINO FUNDAMENTAL DE 9 ANOS - 2º ANO;LP;2304954 ;VILA BELA ESCOLA DE EDUCACAO BASICA MUNICIPAL;3;3;100;217;0%;0%;0%;0%;100%;89;100;100;100;100;100;100;50
MUNICIPAL;ENSINO FUNDAMENTAL DE 9 ANOS - 2º ANO;LP;2306256 ;ELIAS DE SOUSA ESCOLA DE ENSINO FUNDAMENTAL;65;66;102;259;0%;0%;0%;0%;100%;98;-;100;98;95;93;96;97
MUNICIPAL;ENSINO FUNDAMENTAL DE 9 ANOS - 2º ANO;LP;2306256 ;FRANCISCA DE MORAIS FERRER EEF;113;115;102;232;0%;0%;0%;3%;97%;96;97;97;87;89;90;83;85
MUNICIPAL;ENSINO FUNDAMENTAL DE 9 ANOS - 2º ANO;LP;2306256 ;FRANCISCA FERREIRA SIQUEIRA EEF;53;55;104;212;0%;0%;2%;5%;93%;98;96;93;89;85;64;75;85
MUNICIPAL;ENSINO FUNDAMENTAL DE 9 ANOS - 2º ANO;LP;2306256 ;FRANCISCO SALES FILHO ESC DE ENS FUND;64;63;98;232;0%;0%;2%;0%;98%;83;-;98;88;94;83;90;96
MUNICIPAL;ENSINO FUNDAMENTAL DE 9 ANOS - 2º ANO;LP;2306256 ;GALDINO ASSUNCAO FILHO EEF;41;42;102;204;0%;0%;0%;5%;95%;94;100;98;95;92;73;62;95
MUNICIPAL;ENSINO FUNDAMENTAL DE 9 ANOS - 2º ANO;LP;2306256 ;GERALDO BATISTA DE LIMA EEF;34;35;103;160;0%;3%;11%;14%;71%;78;80;89;61;60;40;43;71
MUNICIPAL;ENSINO FUNDAMENTAL DE 9 ANOS - 2º ANO;LP;2306256 ;JARDIM DE FATIMA ESCOLA DE ENSINO INFANTIL E FUNDAMENTAL;84;84;100;185;0%;0%;10%;12%;79%;93;-;88;75;58;57;66;64
MUNICIPAL;ENSINO FUNDAMENTAL DE 9 ANOS - 2º ANO;LP;2306256 ;LAURA DA COSTA LIMA PROFESSORA EEF;64;65;102;235;0%;0%;0%;0%;100%;99;100;100;97;92;80;80;96
MUNICIPAL;ENSINO FUNDAMENTAL DE 9 ANOS - 2º ANO;LP;2306256 ;MANOEL FERREIRA GOMES ESC DE ENS FUNDAMENTAL;97;97;100;231;0%;0%;0%;2%;98%;99;100;92;91;84;84;88;93
MUNICIPAL;ENSINO FUNDAMENTAL DE 9 ANOS - 2º ANO;LP;2306256 ;MANOEL MACHADO EEF;38;38;100;261;0%;0%;0%;0%;100%;100;-;100;95;100;100;99;94
MUNICIPAL;ENSINO FUNDAMENTAL DE 9 ANOS - 2º ANO;LP;2306256 ;MANOEL NOVAIS DE OLIVEIRA EEF;30;32;107;220;0%;0%;0%;0%;100%;97;81;97;94;75;95;81;95
MUNICIPAL;ENSINO FUNDAMENTAL DE 9 ANOS - 2º ANO;LP;2306256 ;MANOEL RODRIGUES DE PAIVA ESCOLA DE ENSINO FUNDAMENTAL;23;22;96;257;0%;0%;0%;0%;100%;100;100;100;98;97;100;98;91
MUNICIPAL;ENSINO FUNDAMENTAL DE 9 ANOS - 2º ANO;LP;2306256 ;TEREZINHA SANTA ESCOLA DE ENSINO FUNDAMENTAL;26;26;100;232;0%;0%;0%;0%;100%;94;-;96;94;99;63;98;96
MUNICIPAL;ENSINO FUNDAMENTAL DE 9 ANOS - 2º ANO;LP;2306256 ;VALMIQUE SAMPAIO DE ALBUQUERQUE ESCOLA DE ENSINO FUNDAMENTAL;23;25;109;225;0%;0%;0%;0%;100%;99;-;100;92;100;40;98;98
MUNICIPAL;ENSINO FUNDAMENTAL DE 9 ANOS - 2º ANO;LP;2307650 ;ADAUTO FERREIRA LIMA EMEIEF;44;49;111;183;0%;0%;6%;12%;82%;95;-;92;68;65;57;61;67
MUNICIPAL;ENSINO FUNDAMENTAL DE 9 ANOS - 2º ANO;LP;2307650 ;ALMIR FREITAS DUTRA EMEIEF PREF;52;52;100;198;0%;0%;0%;6%;94%;93;100;96;92;73;73;73;75
MUNICIPAL;ENSINO FUNDAMENTAL DE 9 ANOS - 2º ANO;LP;2307650 ;ANA BEATRIZ MACEDO TAVARES MARQUES EMEF ESTUDANTE;86;91;106;178;0%;1%;4%;13%;81%;94;87;94;75;61;56;56;58
MUNICIPAL;ENSINO FUNDAMENTAL DE 9 ANOS - 2º ANO;LP;2307650 ;ANTONIO DE ALBUQUERQUE SOUSA FILHO EMEIEF;82;91;111;215;0%;0%;4%;7%;89%;96;96;93;87;73;85;83;79
MUNICIPAL;ENSINO FUNDAMENTAL DE 9 ANOS - 2º ANO;LP;2307650 ;ANTONIO GONDIM DE LIMA EMEIEF;46;48;104;200;0%;0%;4%;8%;88%;90;-;91;82;77;64;69;90
MUNICIPAL;ENSINO FUNDAMENTAL DE 9 ANOS - 2º ANO;LP;2307650 ;BRAZ RIBEIRO DA SILVA EMEF;111;116;105;189;0%;0%;5%;8%;87%;92;98;89;81;74;69;63;68
MUNICIPAL;ENSINO FUNDAMENTAL DE 9 ANOS - 2º ANO;LP;2307650 ;CARLOS DRUMMOND DE ANDRADE EMEIEF;115;120;104;195;0%;1%;6%;5%;88%;91;93;91;77;78;66;63;74
MUNICIPAL;ENSINO FUNDAMENTAL DE 9 ANOS - 2º ANO;LP;2307650 ;CARLOS JEREISSATI SEN EMEIEF;84;85;101;188;1%;0%;4%;12%;84%;96;80;92;78;75;56;59;65
MUNICIPAL;ENSINO FUNDAMENTAL DE 9 ANOS - 2º ANO;LP;2307650 ;CESAR CALS DE OLIVEIRA FILHO EMEIEF GOVERNADOR;44;48;109;207;0%;0%;2%;2%;96%;95;-;98;93;71;70;75;77
MUNICIPAL;ENSINO FUNDAMENTAL DE 9 ANOS - 2º ANO;LP;2307650 ;CEZARINA DE OLIVEIRA GOMES EMEIEF PROFª;27;27;100;199;0%;0%;4%;0%;96%;94;100;100;69;83;65;70;95
MUNICIPAL;ENSINO FUNDAMENTAL DE 9 ANOS - 2º ANO;LP;2307650 ;CONSTRUINDO O SABER MARIA ISIS MENEZES ANDRADE EMEIEF;48;48;100;200;0%;0%;2%;13%;85%;97;100;93;76;75;52;65;80
MUNICIPAL;ENSINO FUNDAMENTAL DE 9 ANOS - 2º ANO;LP;2307650 ;DULCE IRMA EMEIEF;34;33;97;193;0%;0%;3%;21%;76%;91;-;89;82;67;68;70;71
MUNICIPAL;ENSINO FUNDAMENTAL DE 9 ANOS - 2º ANO;LP;2307650 ;EDSON QUEIROZ EMEIEF;46;48;104;188;0%;0%;4%;2%;94%;82;100;98;87;68;57;65;66
MUNICIPAL;ENSINO FUNDAMENTAL DE 9 ANOS - 2º ANO;LP;2307650 ;EDWIRGES EMEIEF SANTA;23;23;100;174;0%;0%;9%;9%;83%;98;-;78;64;64;39;70;72
MUNICIPAL;ENSINO FUNDAMENTAL DE 9 ANOS - 2º ANO;LP;2307650 ;ELEAZAR DE CARVALHO EMEF MAESTRO;87;87;100;251;0%;0%;1%;0%;99%;97;100;99;94;93;87;95;96
MUNICIPAL;ENSINO FUNDAMENTAL DE 9 ANOS - 2º ANO;LP;2307650 ;ELIAN DE AGUIAR MENDES EMEIEF;60;61;102;197;0%;2%;2%;10%;87%;88;100;97;85;70;62;64;76
MUNICIPAL;ENSINO FUNDAMENTAL DE 9 ANOS - 2º ANO;LP;2307650 ;ELIAS SILVA OLIVEIRA EMEIEF;75;77;103;235;0%;0%;0%;1%;99%;96;94;96;95;93;84;86;90
MUNICIPAL;ENSINO FUNDAMENTAL DE 9 ANOS - 2º ANO;LP;2307650 ;EMEF RAIMUNDO NOGUEIRA DA COSTA;142;143;101;181;0%;0%;6%;12%;82%;90;92;88;71;72;51;58;68
MUNICIPAL;ENSINO FUNDAMENTAL DE 9 ANOS - 2º ANO;LP;2307650 ;FRANCISCA FLORENCIA DA SILVA PROFª EMEIEF;47;49;104;270;0%;0%;0%;0%;100%;100;100;100;99;100;98;98;99
MUNICIPAL;ENSINO FUNDAMENTAL DE 9 ANOS - 2º ANO;LP;2307650 ;FRANCISCO ANTONIO FONTENELE EMEIEF;26;26;100;210;0%;0%;4%;0%;96%;96;-;100;80;90;73;71;78
MUNICIPAL;ENSINO FUNDAMENTAL DE 9 ANOS - 2º ANO;LP;2307650 ;FRANCISCO ARAUJO DO NASCIMENTO EMEIEF PROF;76;75;99;220;0%;0%;1%;0%;99%;95;92;100;93;90;71;79;87
MUNICIPAL;ENSINO FUNDAMENTAL DE 9 ANOS - 2º ANO;LP;2307650 ;GENCIANO GUERREIRO DE BRITO EMEF;50;51;102;193;0%;2%;2%;6%;90%;94;100;92;89;66;63;67;68
MUNICIPAL;ENSINO FUNDAMENTAL DE 9 ANOS - 2º ANO;LP;2307650 ;HEITOR VILLA LOBOS EMEIEF;22;24;109;226;0%;0%;0%;0%;100%;98;100;94;89;96;79;92;88
MUNICIPAL;ENSINO FUNDAMENTAL DE 9 ANOS - 2º ANO;LP;2307650 ;HELDER PESSOA CAMARA EMEIEF DOM;53;57;108;232;0%;0%;0%;2%;98%;97;100;99;97;96;84;86;92
MUNICIPAL;ENSINO FUNDAMENTAL DE 9 ANOS - 2º ANO;LP;2307650 ;HERBERT JOSE DE SOUZA BETINHO EMEIEF;48;48;100;249;0%;0%;2%;2%;96%;93;-;92;96;90;90;92;96
MUNICIPAL;ENSINO FUNDAMENTAL DE 9 ANOS - 2º ANO;LP;2307650 ;INTEGRANDO O SABER EMEIEF;25;25;100;181;0%;0%;0%;12%;88%;99;-;86;16;90;50;50;65
MUNICIPAL;ENSINO FUNDAMENTAL DE 9 ANOS - 2º ANO;LP;2307650 ;JOAO MAGALHAES DE OLIVEIRA EMEIEF;14;14;100;177;0%;0%;7%;14%;79%;88;-;93;86;64;61;57;57
MUNICIPAL;ENSINO FUNDAMENTAL DE 9 ANOS - 2º ANO;LP;2307650 ;JOAQUIM AGUIAR EMEIEF;44;44;100;210;0%;0%;0%;0%;100%;94;100;99;90;88;89;81;67
MUNICIPAL;ENSINO FUNDAMENTAL DE 9 ANOS - 2º ANO;LP;2307650 ;JOSE ASSIS DE OLIVEIRA EMEIEF;56;57;102;251;0%;0%;0%;0%;100%;99;100;100;97;95;85;96;98
MUNICIPAL;ENSINO FUNDAMENTAL DE 9 ANOS - 2º ANO;LP;2307650 ;JOSE BELISARIO DE SOUSA - EMEF;16;18;113;198;0%;0%;0%;11%;89%;97;-;92;61;72;67;89;81
MUNICIPAL;ENSINO FUNDAMENTAL DE 9 ANOS - 2º ANO;LP;2307650 ;JOSE DANTAS SOBRINHO EMEF;70;72;103;230;0%;0%;0%;3%;97%;96;96;97;93;90;78;81;90
MUNICIPAL;ENSINO FUNDAMENTAL DE 9 ANOS - 2º ANO;LP;2307650 ;JOSE MARIO BARBOSA EMEIEF;22;22;100;186;0%;0%;0%;0%;100%;92;100;100;70;86;68;57;82
MUNICIPAL;ENSINO FUNDAMENTAL DE 9 ANOS - 2º ANO;LP;2307650 ;JOSE MARTINS RODRIGUES EMEIEF DEPUTADO;31;35;113;183;0%;3%;3%;14%;80%;85;100;94;76;55;54;67;47
MUNICIPAL;ENSINO FUNDAMENTAL DE 9 ANOS - 2º ANO;LP;2307650 ;JOSE NOGUEIRA MOTA EMEIFE;15;14;93;219;0%;0%;0%;0%;100%;100;-;100;82;82;68;82;93
MUNICIPAL;ENSINO FUNDAMENTAL DE 9 ANOS - 2º ANO;LP;2307650 ;MANOEL MOREIRA LIMA EMEIEF;39;41;105;206;0%;0%;0%;2%;98%;100;95;100;94;78;77;69;73
MUNICIPAL;ENSINO FUNDAMENTAL DE 9 ANOS - 2º ANO;LP;2307650 ;MANOEL RODRIGUES PINHEIRO DE MELO EMEIEF;42;45;107;266;0%;0%;0%;2%;98%;99;100;98;97;99;96;94;97
MUNICIPAL;ENSINO FUNDAMENTAL DE 9 ANOS - 2º ANO;LP;2307650 ;MANOEL ROSEO LANDIM EMEF;55;56;102;178;0%;0%;7%;11%;82%;95;-;89;55;73;58;56;60
MUNICIPAL;ENSINO FUNDAMENTAL DE 9 ANOS - 2º ANO;LP;2307650 ;MARIA DE LOURDES SILVA PROFª EMEF;59;64;108;192;0%;0%;3%;14%;83%;91;78;97;85;65;52;73;76
MUNICIPAL;ENSINO FUNDAMENTAL DE 9 ANOS - 2º ANO;LP;2307650 ;MARIA DO SOCORRO VIANA FREITAS EMEIEF PROFª;75;76;101;209;0%;0%;3%;3%;95%;97;100;97;85;81;68;74;80
MUNICIPAL;ENSINO FUNDAMENTAL DE 9 ANOS - 2º ANO;LP;2307650 ;MARIA JOSE HOLANDA DO VALE PROF EMEIEF;23;24;104;225;0%;0%;0%;0%;100%;91;100;96;96;79;94;88;88
MUNICIPAL;ENSINO FUNDAMENTAL DE 9 ANOS - 2º ANO;LP;2307650 ;MARIA MARQUES DO NASCIMENTO EMEIEF;38;40;105;179;0%;0%;3%;8%;90%;91;-;90;84;68;53;62;54
MUNICIPAL;ENSINO FUNDAMENTAL DE 9 ANOS - 2º ANO;LP;2307650 ;MARIO COVAS GOV EMEIEF;56;58;104;194;0%;3%;2%;7%;88%;95;69;93;82;70;68;68;62
MUNICIPAL;ENSINO FUNDAMENTAL DE 9 ANOS - 2º ANO;LP;2307650 ;NAPOLEAO BONAPARTE VIANA EMEIEF;45;48;107;253;0%;0%;0%;4%;96%;98;100;100;94;94;92;90;94
MUNICIPAL;ENSINO FUNDAMENTAL DE 9 ANOS - 2º ANO;LP;2307650 ;NARCISO PESSOA DE ARAUJO EMEIEF;112;116;104;220;0%;0%;0%;3%;97%;96;-;97;90;90;72;75;90
MUNICIPAL;ENSINO FUNDAMENTAL DE 9 ANOS - 2º ANO;LP;2307650 ;NORBERTO ALVES BATALHA EMEIEF;35;35;100;185;0%;0%;3%;14%;83%;91;79;89;81;79;61;57;83
MUNICIPAL;ENSINO FUNDAMENTAL DE 9 ANOS - 2º ANO;LP;2307650 ;NORMA CELIA PINHEIRO CRISPIM EMEIEF PROFª;132;136;103;213;0%;0%;0%;1%;99%;93;100;100;89;83;78;79;84
MUNICIPAL;ENSINO FUNDAMENTAL DE 9 ANOS - 2º ANO;LP;2307650 ;PAULO FREIRE EMEIEF PROFESSOR;134;137;102;198;1%;1%;4%;7%;88%;92;82;94;84;71;70;71;70
MUNICIPAL;ENSINO FUNDAMENTAL DE 9 ANOS - 2º ANO;LP;2307650 ;POVO PITAGUARI EMIEB;13;14;108;199;0%;0%;0%;7%;93%;86;-;86;86;71;79;73;86
MUNICIPAL;ENSINO FUNDAMENTAL DE 9 ANOS - 2º ANO;LP;2307650 ;RODOLFO TEOFILO EMEF;25;26;104;194;0%;0%;0%;8%;92%;100;96;94;52;85;77;69;81
MUNICIPAL;ENSINO FUNDAMENTAL DE 9 ANOS - 2º ANO;LP;2307650 ;TEREZA DE CALCUTA EMEF MADRE;92;93;101;196;0%;3%;4%;8%;85%;91;-;87;78;74;59;72;68
MUNICIPAL;ENSINO FUNDAMENTAL DE 9 ANOS - 2º ANO;LP;2307650 ;VINICIUS DE MORAIS EMEF;91;96;105;223;0%;0%;0%;5%;95%;94;96;99;92;80;69;82;88
MUNICIPAL;ENSINO FUNDAMENTAL DE 9 ANOS - 2º ANO;LP;2307650 ;WALMIKI SAMPAIO DE ALBUQUERQUE EMEIEF;24;25;104;171;0%;4%;0%;16%;80%;90;-;84;60;88;44;56;38
MUNICIPAL;ENSINO FUNDAMENTAL DE 9 ANOS - 2º ANO;LP;2307700 ;ALVARO CAMARA EMEIEF;10;11;110;224;0%;0%;0%;0%;100%;89;-;95;82;82;82;100;86
MUNICIPAL;ENSINO FUNDAMENTAL DE 9 ANOS - 2º ANO;LP;2307700 ;ANTONIO DE ABREU EMEIEF;17;19;112;223;0%;0%;0%;5%;95%;96;-;100;95;90;84;71;81
MUNICIPAL;ENSINO FUNDAMENTAL DE 9 ANOS - 2º ANO;LP;2307700 ;ANTONIO JANUARIO DE OLIVEIRA EMEIEF;12;12;100;184;0%;0%;0%;17%;83%;94;100;96;71;63;88;58;75
MUNICIPAL;ENSINO FUNDAMENTAL DE 9 ANOS - 2º ANO;LP;2307700 ;CAPISTRANO DE ABREU EMEF;86;88;102;215;0%;0%;2%;1%;97%;96;94;100;91;81;65;78;87
MUNICIPAL;ENSINO FUNDAMENTAL DE 9 ANOS - 2º ANO;LP;2307700 ;CARLOS PEREIRA DE SOUSA EMEIEF;33;33;100;184;0%;0%;3%;24%;73%;98;94;80;72;83;59;58;49
MUNICIPAL;ENSINO FUNDAMENTAL DE 9 ANOS - 2º ANO;LP;2307700 ;CENTRO DE EDUCACAO MUNICIPAL SANTA RITA;46;47;102;259;0%;0%;0%;0%;100%;99;-;100;95;100;95;95;99
MUNICIPAL;ENSINO FUNDAMENTAL DE 9 ANOS - 2º ANO;LP;2307700 ;CESAR CAMPELO EMEF DR;2;3;150;195;0%;0%;0%;33%;67%;100;100;83;67;50;50;50;83
MUNICIPAL;ENSINO FUNDAMENTAL DE 9 ANOS - 2º ANO;LP;2307700 ;CHICO LIMA EMEIEF;17;20;118;211;0%;0%;5%;5%;90%;93;-;-;91;80;43;89;70
MUNICIPAL;ENSINO FUNDAMENTAL DE 9 ANOS - 2º ANO;LP;2307700 ;CRISTOVAO COLOMBO EMEIEF;9;9;100;157;0%;0%;11%;33%;56%;81;-;67;41;33;33;50;100
MUNICIPAL;ENSINO FUNDAMENTAL DE 9 ANOS - 2º ANO;LP;2307700 ;DIREITOS HUMANOS EMEF;45;50;111;185;0%;0%;6%;16%;78%;87;-;92;73;82;70;66;49
MUNICIPAL;ENSINO FUNDAMENTAL DE 9 ANOS - 2º ANO;LP;2307700 ;FLORENCIO BARROSO DE ALBUQUERQUE EMEIEF;21;21;100;245;0%;0%;5%;5%;90%;94;100;95;90;95;95;81;98
MUNICIPAL;ENSINO FUNDAMENTAL DE 9 ANOS - 2º ANO;LP;2307700 ;FRANCISCA GOMES FERNANDES VIEIRA EMEF;27;26;96;214;0%;0%;4%;0%;96%;96;88;96;92;82;85;69;79
MUNICIPAL;ENSINO FUNDAMENTAL DE 9 ANOS - 2º ANO;LP;2307700 ;FRANCISCA MARQUES DE SOUSA EMEF;37;36;97;240;0%;0%;3%;0%;97%;97;-;100;99;90;67;91;87
MUNICIPAL;ENSINO FUNDAMENTAL DE 9 ANOS - 2º ANO;LP;2307700 ;FRANCISCA ROCHA MAGALHAES EMEIEF;27;28;104;204;0%;0%;0%;4%;96%;99;-;98;68;79;68;93;73
MUNICIPAL;ENSINO FUNDAMENTAL DE 9 ANOS - 2º ANO;LP;2307700 ;FRANCISCO SARAIVA DE OLIVEIRA EMEIEF;21;22;105;244;0%;0%;0%;5%;95%;99;-;93;100;91;91;93;88
MUNICIPAL;ENSINO FUNDAMENTAL DE 9 ANOS - 2º ANO;LP;2307700 ;IMACULADA CONCEICAO EMEIEF;11;10;91;223;0%;0%;0%;0%;100%;100;90;95;100;75;95;75;100
MUNICIPAL;ENSINO FUNDAMENTAL DE 9 ANOS - 2º ANO;LP;2307700 ;JOAO CIRINO NOGUEIRA EMEF;60;59;98;174;0%;3%;12%;14%;71%;91;100;80;67;58;48;62;61
MUNICIPAL;ENSINO FUNDAMENTAL DE 9 ANOS - 2º ANO;LP;2307700 ;JOAO LEITE EMEIEF;15;15;100;221;0%;0%;0%;0%;100%;98;-;100;98;100;63;92;73
MUNICIPAL;ENSINO FUNDAMENTAL DE 9 ANOS - 2º ANO;LP;2307700 ;JOAQUIM LOPES DE ABREU EMEIEF;13;13;100;256;0%;0%;0%;0%;100%;94;-;100;96;92;92;100;96
MUNICIPAL;ENSINO FUNDAMENTAL DE 9 ANOS - 2º ANO;LP;2307700 ;JOSE DE MOURA EMEIEF;20;20;100;182;0%;0%;0%;5%;95%;90;100;100;85;85;68;40;53
MUNICIPAL;ENSINO FUNDAMENTAL DE 9 ANOS - 2º ANO;LP;2307700 ;JOSE DE SOUSA ALBUQUERQUE EMEF;19;20;105;194;0%;5%;0%;15%;80%;88;-;80;80;78;68;80;60
MUNICIPAL;ENSINO FUNDAMENTAL DE 9 ANOS - 2º ANO;LP;2307700 ;JOSE FERNANDES VIEIRA EMEF;52;52;100;251;0%;0%;0%;0%;100%;99;100;98;92;95;92;97;96
MUNICIPAL;ENSINO FUNDAMENTAL DE 9 ANOS - 2º ANO;LP;2307700 ;JOSE MAMEDE DA NOBREGA EMEIEF;7;7;100;194;0%;0%;0%;0%;100%;89;-;100;38;100;64;89;100
MUNICIPAL;ENSINO FUNDAMENTAL DE 9 ANOS - 2º ANO;LP;2307700 ;JOSE PEREIRA DE SOUSA EMEF;25;25;100;198;0%;0%;0%;8%;92%;99;-;98;64;92;60;80;61
MUNICIPAL;ENSINO FUNDAMENTAL DE 9 ANOS - 2º ANO;LP;2307700 ;JOSE SIMAO DE ABREU EMEIEF;6;6;100;205;0%;0%;0%;0%;100%;100;-;100;100;100;100;75;56
MUNICIPAL;ENSINO FUNDAMENTAL DE 9 ANOS - 2º ANO;LP;2307700 ;LEONOR DE CASTRO BORGES EMEF;37;37;100;215;0%;3%;3%;0%;95%;93;95;93;92;78;88;73;84
MUNICIPAL;ENSINO FUNDAMENTAL DE 9 ANOS - 2º ANO;LP;2307700 ;LUIZ ALBANO DA COSTA EMEIEF;24;25;104;227;0%;0%;0%;0%;100%;100;100;100;92;87;68;96;92
MUNICIPAL;ENSINO FUNDAMENTAL DE 9 ANOS - 2º ANO;LP;2307700 ;MANOEL CORDEIRO EMEF;27;28;104;234;0%;0%;4%;4%;93%;96;-;96;88;88;86;88;88
MUNICIPAL;ENSINO FUNDAMENTAL DE 9 ANOS - 2º ANO;LP;2307700 ;MARIA DA PENHA DE ABREU MACHADO EMEIEF;4;3;75;208;0%;0%;0%;0%;100%;100;-;100;100;100;50;83;67
MUNICIPAL;ENSINO FUNDAMENTAL DE 9 ANOS - 2º ANO;LP;2307700 ;MARIA DE PAULA COLARES EMEIEF;22;20;91;209;0%;0%;0%;5%;95%;96;-;95;58;88;95;95;93
MUNICIPAL;ENSINO FUNDAMENTAL DE 9 ANOS - 2º ANO;LP;2307700 ;MATIAS BECK EMEF;41;42;102;179;0%;5%;5%;12%;79%;89;87;90;81;55;70;58;62
MUNICIPAL;ENSINO FUNDAMENTAL DE 9 ANOS - 2º ANO;LP;2307700 ;MENINOS DE JESUS EMEIEF;7;7;100;166;0%;0%;29%;0%;71%;86;-;100;71;52;29;43;64
MUNICIPAL;ENSINO FUNDAMENTAL DE 9 ANOS - 2º ANO;LP;2307700 ;MIGUEL VIEIRA DA ROCHA EMEF;1;2;200;159;0%;0%;0%;50%;50%;67;100;50;50;100;25;50;100
MUNICIPAL;ENSINO FUNDAMENTAL DE 9 ANOS - 2º ANO;LP;2307700 ;MONSENHOR MAURO GURGEL BRAGA HERBSTER EMEF;36;38;106;198;0%;0%;8%;5%;87%;91;-;95;80;73;64;75;53
MUNICIPAL;ENSINO FUNDAMENTAL DE 9 ANOS - 2º ANO;LP;2307700 ;NILO PINHEIRO CAMPELO EMEF;44;44;100;227;0%;0%;2%;5%;93%;95;100;98;85;81;83;86;91
MUNICIPAL;ENSINO FUNDAMENTAL DE 9 ANOS - 2º ANO;LP;2307700 ;PAULO CAMPOS TELES CEI;32;33;103;204;0%;3%;0%;3%;94%;92;-;70;91;69;79;90;88
MUNICIPAL;ENSINO FUNDAMENTAL DE 9 ANOS - 2º ANO;LP;2307700 ;RAIMUNDA VALENTIM DE ANDRADE EMEF;17;17;100;231;0%;0%;0%;6%;94%;98;94;97;82;85;82;91;94
MUNICIPAL;ENSINO FUNDAMENTAL DE 9 ANOS - 2º ANO;LP;2307700 ;RENATO MOTA EMEIEF;50;49;98;221;0%;0%;0%;0%;100%;97;100;100;54;97;60;95;89
MUNICIPAL;ENSINO FUNDAMENTAL DE 9 ANOS - 2º ANO;LP;2307700 ;RIO PIRAPORA EMEIEF;92;90;98;209;0%;0%;1%;6%;93%;93;100;93;93;83;73;78;75
MUNICIPAL;ENSINO FUNDAMENTAL DE 9 ANOS - 2º ANO;LP;2307700 ;RURAL DE GERERAU EMEIEF;36;35;97;213;0%;0%;0%;0%;100%;88;-;100;91;94;59;88;86
MUNICIPAL;ENSINO FUNDAMENTAL DE 9 ANOS - 2º ANO;LP;2307700 ;SANTA TEREZINHA EMEIEF;6;6;100;160;0%;0%;0%;33%;67%;96;-;83;33;42;67;83;58
MUNICIPAL;ENSINO FUNDAMENTAL DE 9 ANOS - 2º ANO;LP;2307700 ;SANTO ANTONIO EMEIEF;20;21;105;205;0%;0%;0%;0%;100%;100;-;100;100;84;76;86;68
MUNICIPAL;ENSINO FUNDAMENTAL DE 9 ANOS - 2º ANO;LP;2307700 ;VALDIR BEZERRA EMEIEF DR;5;5;100;272;0%;0%;0%;0%;100%;100;100;100;100;100;100;100;100
MUNICIPAL;ENSINO FUNDAMENTAL DE 9 ANOS - 2º ANO;LP;2309706 ;DR CARLOS ALBERTO DE ALMEIDA PONTE EEF;44;45;102;179;0%;0%;11%;11%;78%;93;91;84;73;65;56;45;72
MUNICIPAL;ENSINO FUNDAMENTAL DE 9 ANOS - 2º ANO;LP;2309706 ;FIRMINO DE ABREU LIMA EEIEF;17;17;100;185;0%;0%;12%;6%;82%;82;-;82;78;59;68;75;65
MUNICIPAL;ENSINO FUNDAMENTAL DE 9 ANOS - 2º ANO;LP;2309706 ;GELIA DA SILVA CORREIA EEIEF;68;73;107;199;0%;0%;3%;10%;88%;94;96;93;78;79;61;69;71
MUNICIPAL;ENSINO FUNDAMENTAL DE 9 ANOS - 2º ANO;LP;2309706 ;JARDIM BOM RETIRO EREIEF;50;51;102;233;0%;0%;0%;0%;100%;99;100;94;93;93;75;91;74
MUNICIPAL;ENSINO FUNDAMENTAL DE 9 ANOS - 2º ANO;LP;2309706 ;JOANA VASCONCELOS DE OLIVEIRA EEIEF;94;97;103;169;0%;2%;10%;23%;65%;85;-;85;64;56;50;57;55
MUNICIPAL;ENSINO FUNDAMENTAL DE 9 ANOS - 2º ANO;LP;2309706 ;JOAO PAULO SAMPAIO DE MENEZES EEIEF;124;126;102;198;0%;0%;4%;13%;83%;95;98;93;76;67;61;75;70
MUNICIPAL;ENSINO FUNDAMENTAL DE 9 ANOS - 2º ANO;LP;2309706 ;JOSE BATISTA DE OLIVEIRA EEIEF;49;57;116;207;0%;2%;0%;11%;88%;93;95;98;81;75;65;71;91
MUNICIPAL;ENSINO FUNDAMENTAL DE 9 ANOS - 2º ANO;LP;2309706 ;MANOEL ROSENDO FREIRE EEF;41;41;100;188;0%;2%;2%;7%;88%;94;95;90;82;67;52;62;61
MUNICIPAL;ENSINO FUNDAMENTAL DE 9 ANOS - 2º ANO;LP;2309706 ;MANUEL PONTES DE MEDEIROS EEIEF;25;28;112;187;0%;4%;7%;11%;79%;85;-;89;80;68;59;67;68
MUNICIPAL;ENSINO FUNDAMENTAL DE 9 ANOS - 2º ANO;LP;2309706 ;MARIA DE SA RORIZ EEIEF;40;41;103;257;0%;0%;0%;0%;100%;99;100;98;97;94;63;99;97
MUNICIPAL;ENSINO FUNDAMENTAL DE 9 ANOS - 2º ANO;LP;2309706 ;MARIA GUIOMAR BASTOS CAVALCANTE PROFESSORA EEIEF;77;81;105;194;0%;0%;1%;5%;94%;92;100;88;78;68;63;77;85
MUNICIPAL;ENSINO FUNDAMENTAL DE 9 ANOS - 2º ANO;LP;2309706 ;MARIA MOCINHA ROCHA SA EEIEF;34;36;106;187;0%;3%;0%;14%;83%;92;-;89;49;79;54;70;77
MUNICIPAL;ENSINO FUNDAMENTAL DE 9 ANOS - 2º ANO;LP;2309706 ;NELLY DE LIMA E MELO EEIEF;73;77;105;193;0%;0%;4%;9%;87%;87;96;95;85;65;69;66;70
MUNICIPAL;ENSINO FUNDAMENTAL DE 9 ANOS - 2º ANO;LP;2309706 ;OS HEROIS DO TIMBO EEIEF;19;20;105;188;0%;0%;0%;15%;85%;100;90;95;86;78;60;78;41
MUNICIPAL;ENSINO FUNDAMENTAL DE 9 ANOS - 2º ANO;LP;2309706 ;PEDRO DE SA RORIZ EEIEF;68;71;104;192;0%;1%;8%;6%;85%;88;-;87;73;73;61;69;79
MUNICIPAL;ENSINO FUNDAMENTAL DE 9 ANOS - 2º ANO;LP;2309706 ;RAIMUNDA DA CRUZ ALEXANDRE EREIEF;3;3;100;116;0%;33%;33%;33%;0%;75;-;33;50;33;0;67;33
MUNICIPAL;ENSINO FUNDAMENTAL DE 9 ANOS - 2º ANO;LP;2309706 ;VICENTE FERRER DE LIMA EEIEF;25;25;100;238;0%;0%;8%;0%;92%;93;92;90;94;92;94;90;86
MUNICIPAL;ENSINO FUNDAMENTAL DE 9 ANOS - 2º ANO;LP;2309706 ;WALNEY DO CARMO LOPES EEIEF;23;24;104;228;0%;0%;0%;0%;100%;92;-;100;93;86;90;81;94