Ano,Etapa,Componente Curricular,Descritor,Descrição da Habilidade ,Ciclo 1,Ciclo 2,Ciclo 3,,,
2024,1 ANO,LPL,1EF01_P,Distinguir letras do alfabeto de desenhos e/ou outros sinais gráficos.,H 01,,,,,
2024,1 ANO,LPL,1EF02_P,Reconhecer letras do alfabeto.,H 02,,,,,
2024,1 ANO,LPL,1EF03_P,Reconhecer as direções da escrita.,H 03,,,,,
2024,1 ANO,LPL,1EF04_P,Identificar a correta segmentação das palavras na escrita.,H 04,,,,,
2024,1 ANO,LPL,1EF06_P,Identificar rimas.,H 06,,,,,
2024,1 ANO,LPL,1EF07_P,"Identificar semelhanças entre sílabas (incial, medial, final) de palavras.",H 07,,,,,
2024,1 ANO,LPL,1EF08_P,Ler palavras formadas exclusivamente por sílabas canônicas.,H 08,,,,,
2024,1 ANO,LPL,1EF09_P,Ler palavras formadas por sílabas não canônicas.,H 09,,,,,
2024,1 ANO,LPL,1EF10_P,"Ler frases (ordem direta, estrutura canônica: sujeito, verbo, objeto - um complemento).",H 10,,,,,
2024,1 ANO,LPL,1EF06_P,Identificar rimas.,,H 02,,,,
2024,1 ANO,LPL,1EF07_P,"Identificar semelhanças entre sílabas (inicial, medial, final) de palavras.",,H 03,,,,
2024,1 ANO,LPL,1EF08_P,Ler palavras formadas exclusivamente por sílabas canônicas.,,H 04,,,,
2024,1 ANO,LPL,1EF09_P,Ler palavras formadas por sílabas não canônicas.,,H 05,,,,
2024,1 ANO,LPL,1EF10_P,"Ler frases (ordem direta, estrutura canônica: sujeito, verbo, objeto - um complemento).",,H 06,,,,
2024,1 ANO,LPL,1EF11_P,"Localizar informações explícitas em textos, recuperadas por meio de uma repetição.",,H 07,,,,
2024,1 ANO,LPL,1EF12_P,Reconhecer o assunto de um texto ouvido.,,H 08,,,,
2024,1 ANO,LPL,1EF13_P,Inferir informação em texto que articula linguagem verbal e não verbal.,,H 09,,,,
2024,1 ANO,LPL,1EF05_P,Reconhecer o local de inserção de uma palavra na ordem alfabética.,,,H 01,,,
2024,1 ANO,LPL,1EF06_P,Identificar rimas.,,,H 02,,,
2024,1 ANO,LPL,1EF07_P,"Identificar semelhanças entre sílabas (inicial, medial, final) de palavras.",,,H 03,,,
2024,1 ANO,LPL,1EF08_P,Ler palavras formadas exclusivamente por sílabas canônicas.,,,H 04,,,
2024,1 ANO,LPL,1EF09_P,Ler palavras formadas por sílabas não canônicas.,,,H 05,,,
2024,1 ANO,LPL,1EF10_P,"Ler frases (ordem direta, estrutura canônica: sujeito, verbo, objeto - um complemento).",,,H 06,,,
2024,1 ANO,LPL,1EF11_P,"Localizar informações explícitas em textos, recuperadas por meio de uma repetição.",,,H 07,,,
2024,1 ANO,LPL,1EF12_P,Reconhecer o assunto de um texto ouvido.,,,H 08,,,
2024,1 ANO,LPL,1EF13_P,Inferir informação em texto que articula linguagem verbal e não verbal.,,,H 09,,,
2024,1 ANO,LPL,1EF14_P,Reconhecer o gênero de um texto que circula no campo de atuação da vida cotidiana.,,,H 10,,,
2024,1 ANO,LPL,1EF15_P,Identificar a finalidade de um texto do campo de atuação da vida cotidiana.,,,H 11,,,
2024,1 ANO,MT,1EF01_M,"Contar a quantidade de objetos de uma coleção contendo até 20 elementos, apresentando o resultado em registro numérico.",H 45,,,,,
2024,1 ANO,MT,1EF02_M,"Comparar quantidades de objetos de coleções, contendo até 20 elementos cada, com suporte de imagens, indicando qual tem mais, qual tem menos ou quais têm a mesma quantidade.",H 46,,,,,
2024,1 ANO,MT,1EF06_M,"Classificar objetos segundo atributos de cor, forma ou medida.",H 47,,,,,
2024,1 ANO,MT,1EF08_M,"Interpretar localização de pessoas, animais ou objetos no espaço, considerando um ponto de referência e noções de orientação (à direita, à esquerda, em frente, atrás, em cima ou embaixo).",H 49,,,,,
2024,1 ANO,MT,1EF09_M,"Reconhecer figura geométrica espacial (cone, cilindro, esfera ou bloco retangular) em objetos do mundo físico, pela sua forma.",H 50,,,,,
2024,1 ANO,MT,1EF10_M,"Reconhecer figuras geométricas planas (círculo, quadrado, retângulo ou triângulo) desenhadas em diferentes disposições.",H 51,,,,,
2024,1 ANO,MT,1EF11_M,"Comparar objetos de uso cotidiano por meio de um dos atributos: comprimento, capacidade ou massa.",H 52,,,,,
2024,1 ANO,MT,1EF01_M,"Contar a quantidade de objetos de uma coleção contendo até 20 elementos, apresentando o resultado em registro numérico.",,H 48,,,,
2024,1 ANO,MT,1EF02_M,"Comparar quantidades de objetos de coleções, contendo até 20 elementos cada, com suporte de imagens, indicando qual tem mais, qual tem menos ou quais têm a mesma quantidade.",,H 49,,,,
2024,1 ANO,MT,1EF03_M,"Comparar números naturais formados por até dois algarismos, em situações do cotidiano, indicando o menor ou o maior dentre eles.",,H 50,,,,
2024,1 ANO,MT,1EF04_M,"Utilizar a operação de adição entre números naturais, formados por até dois algarismos, envolvendo o significado de juntar ou de acrescentar, com suporte de imagens, na resolução de problema.",,H 51,,,,
2024,1 ANO,MT,1EF06_M,"Classificar objetos segundo atributos de cor, forma ou medida.",,H 52,,,,
2024,1 ANO,MT,1EF07_M,"Determinar termos ausentes em sequências de figuras.Interpretar localização de pessoas, animais ou objetos no espaço, considerando um ponto de referência e noções de orientação (à direita, à esquerda, em frente, atrás, em cima ou embaixo).",,H 53,,,,
2024,1 ANO,MT,1EF08_M,"Interpretar localização de pessoas, animais ou objetos no espaço, considerando um ponto de referência e noções de orientação (à direita, à esquerda, em frente, atrás, em cima ou embaixo).",,H 54,,,,
2024,1 ANO,MT,1EF09_M,"Reconhecer figura geométrica espacial (cone, cilindro, esfera ou bloco retangular) em objetos do mundo físico, pela sua forma.",,H 55,,,,
2024,1 ANO,MT,1EF10_M,"Reconhecer figuras geométricas planas (círculo, quadrado, retângulo ou triângulo) desenhadas em diferentes disposições.",,H 56,,,,
2024,1 ANO,MT,1EF11_M,"Comparar objetos de uso cotidiano por meio de um dos atributos: comprimento, capacidade ou massa.",,H 57,,,,
2024,1 ANO,MT,1EF13_M,"Identificar dados estatísticos dispostos em tabelas simples, em gráficos de colunas ou de barras simples.",,H 58,,,,
2024,1 ANO,MT,1EF03_M,"Comparar números naturais formados por até dois algarismos, em situações do cotidiano, indicando o menor ou o maior dentre eles.",,,H 01,,,
2024,1 ANO,MT,1EF04_M,"Utilizar a operação de adição entre números naturais, formados por até dois algarismos, envolvendo o significado de juntar ou de acrescentar, com suporte de imagens, na resolução de problema.",,,H 02,,,
2024,1 ANO,MT,1EF05_M,"Utilizar a operação de subtração entre números naturais, formados por até dois algarismos, envolvendo o significado de retirar ou de separar, com suporte de imagens, na resolução de problema.",,,H 03,,,
2024,1 ANO,MT,1EF07_M,Determinar termos ausentes em sequências de figuras.,,,H 04,,,
2024,1 ANO,MT,1EF08_M,"Interpretar localização de pessoas, animais ou objetos no espaço, considerando um ponto de referência e noções de orientação (à direita, à esquerda, em frente, atrás, em cima ou embaixo).",,,H 05,,,
2024,1 ANO,MT,1EF09_M,"Reconhecer figura geométrica espacial (cone, cilindro, esfera ou bloco retangular) em objetos do mundo físico, pela sua forma.",,,H 06,,,
2024,1 ANO,MT,1EF10_M,"Reconhecer figuras geométricas planas (círculo, quadrado, retângulo ou triângulo) desenhadas em diferentes disposições.",,,H 07,,,
2024,1 ANO,MT,1EF12_M,"Reconhecer valores convencionados de moedas ou de cédulas do sistema monetário brasileiro, em situações do cotidiano.",,,H 08,,,
2024,1 ANO,MT,1EF13_M,"Identificar dados estatísticos dispostos em tabelas simples, em gráficos de colunas ou de barras simples.",,,H 09,,,
2024,2 ANO,LPL,1EF05_P,Reconhecer o local de inserção de uma palavra na ordem alfabética.,H 05,,,,,
2024,2 ANO,LPL,1EF06_P,Identificar rimas.,H 06,,,,,
2024,2 ANO,LPL,1EF07_P,"Identificar semelhanças entre sílabas (incial, medial, final) de palavras.",H 07,,,,,
2024,2 ANO,LPL,1EF08_P,Ler palavras formadas exclusivamente por sílabas canônicas.,H 08,,,,,
2024,2 ANO,LPL,1EF09_P,Ler palavras formadas por sílabas não canônicas.,H 09,,,,,
2024,2 ANO,LPL,1EF12_P,Reconhecer o assunto de um texto ouvido.,H 11,,,,,
2024,2 ANO,LPL,1EF13_P,Inferir informação em texto que articula linguagem verbal e não verbal.,H 12,,,,,
2024,2 ANO,LPL,1EF14_P,Reconhecer o gênero de um texto que circula no campo de atuação da vida cotidiana.,H 13,,,,,
2024,2 ANO,LPL,2EF06_P,"Ler frases (ordem direta, estrutura canônica: sujeito, verbo, objeto - mais de um complemento).",H 15,,,,,
2024,2 ANO,LPL,2EF07_P,"Localizar informações explícitas em textos, recuperadas por meio de repetição.",H 16,,,,,
2024,2 ANO,LPL,2EF10_P,Reconhecer o assunto de um texto quando o assunto está indicado no título.,H 18,,,,,
2024,2 ANO,LPL,1EF05_P,Reconhecer o local de inserção de uma palavra na ordem alfabética.,,H 01,,,,
2024,2 ANO,LPL,1EF06_P,Identificar rimas.,,H 02,,,,
2024,2 ANO,LPL,1EF07_P,"Identificar semelhanças entre sílabas (inicial, medial, final) de palavras.",,H 03,,,,
2024,2 ANO,LPL,1EF08_P,Ler palavras formadas exclusivamente por sílabas canônicas.,,H 04,,,,
2024,2 ANO,LPL,1EF09_P,Ler palavras formadas por sílabas não canônicas.,,H 05,,,,
2024,2 ANO,LPL,1EF13_P,Inferir informação em texto que articula linguagem verbal e não verbal.,,H 09,,,,
2024,2 ANO,LPL,1EF14_P,Reconhecer o gênero de um texto que circula no campo de atuação da vida cotidiana.,,H 10,,,,
2024,2 ANO,LPL,1EF15_P,Identificar a finalidade de um texto do campo de atuação da vida cotidiana.,,H 11,,,,
2024,2 ANO,LPL,2EF06_P,"Ler frases (ordem direta, estrutura canônica: sujeito, verbo, objeto - mais de um complemento).",,H 12,,,,
2024,2 ANO,LPL,2EF08_P,"Localizar informações explícitas em textos, recuperadas por meio de paráfrase.",,H 13,,,,
2024,2 ANO,LPL,2EF11_P,Reconhecer o assunto de um texto quando o assunto é tópico do primeiro parágrafo.,,H 14,,,,
2024,2 ANO,LPL,2EF15_P,"Reconhecer o personagem principal de narrativas ficcionais, quando o personagem é citado no título ou é tópico do primeiro parágrafo.",,H 16,,,,
2024,2 ANO,LPL,2EF17_P,Reconhecer o gênero de um texto do campo de atuação artístico-literário.,,H 17,,,,
2024,2 ANO,LPL,1EF08_P,Ler palavras formadas exclusivamente por sílabas canônicas.,,,H 01,,,
2024,2 ANO,LPL,1EF09_P,Ler palavras formadas por sílabas não canônicas.,,,H 02,,,
2024,2 ANO,LPL,1EF13_P,Inferir informação em texto que articula linguagem verbal e não verbal.,,,H 03,,,
2024,2 ANO,LPL,2EF06_P,"Ler frases (ordem direta, estrutura canônica: sujeito, verbo, objeto - mais de um complemento).",,,H 04,,,
2024,2 ANO,LPL,2EF08_P,"Localizar informações explícitas em textos, recuperadas por meio de paráfrase.",,,H 05,,,
2024,2 ANO,LPL,2EF11_P,Reconhecer o assunto de um texto quando o assunto é tópico do primeiro parágrafo.,,,H 06,,,
2024,2 ANO,LPL,2EF13_P,Inferir informação em texto exclusivamente verbal.,,,H 07,,,
2024,2 ANO,LPL,2EF14_P,"Inferir o sentido de palavra ou expressão idiomática própria da linguagem informal, com base em pistas co-textuais (sinonímia, palavra do mesmo campo semântico).",,,H 08,,,
2024,2 ANO,LPL,2EF15_P,"Reconhecer o personagem principal de narrativas ficcionais, quando o personagem é citado no título ou é tópico do primeiro parágrafo.",,,H 09,,,
2024,2 ANO,LPL,2EF17_P,Reconhecer o gênero de um texto do campo de atuação artístico-literário.,,,H 10,,,
2024,2 ANO,LPL,2EF19_P,Reconhecer o efeito de sentido produzido pelo uso de recursos expressivos gráfico-visuais em tirinhas e histórias em quadrinhos.,,,H 11,,,
2024,2 ANO,MT,1EF07_M,Determinar termos ausentes em sequências de figuras.,H 48,,,,,
2024,2 ANO,MT,1EF10_M,"Reconhecer figuras geométricas planas (círculo, quadrado, retângulo ou triângulo) desenhadas em diferentes disposições.",H 51,,,,,
2024,2 ANO,MT,1EF12_M,"Reconhecer valores convencionados de moedas ou de cédulas do sistema monetário brasileiro, em situações do cotidiano.",H 53,,,,,
2024,2 ANO,MT,1EF13_M,"Identificar dados estatísticos dispostos em tabelas simples, em gráficos de colunas ou de barras simples.",H 54,,,,,
2024,2 ANO,MT,2EF01_M,"Contar a quantidade de objetos de uma coleção contendo até 50 elementos, apresentando o resultado em registro numérico.",H 55,,,,,
2024,2 ANO,MT,2EF02_M,"Comparar quantidades de objetos de duas coleções, contendo até 50 elementos cada, com suporte de imagens, indicando qual tem mais objetos e quantos a mais, qual tem menos objetos e quantos a menos ...",H 56,,,,,
2024,2 ANO,MT,2EF03_M,"Comparar números naturais formados por até três algarismos, indicando o menor, o maior, a ordenação crescente ou a decrescente deles.",H 57,,,,,
2024,2 ANO,MT,2EF05_M,"Utilizar a operação de adição entre números naturais, formados por até três algarismos, envolvendo o significado de juntar ou de acrescentar, com ou sem suporte de imagens, na resolução de problema.",H 58,,,,,
2024,2 ANO,MT,2EF06_M,"Utilizar a operação de subtração entre números naturais, formados por até três algarismos, envolvendo o significado de separar ou de retirar, com ou sem suporte de imagens, na resolução de problema.",H 59,,,,,
2024,2 ANO,MT,2EF08_M,"Interpretar localização de pessoas, animais ou objetos no espaço, considerando um ou mais de um ponto de referência e noções de orientação (à direita, à esquerda, em frente, atrás, em cima e/ou emb...",H 61,,,,,
2024,2 ANO,MT,2EF09_M,"Reconhecer figura geométrica espacial (cone, cilindro, esfera, cubo, bloco retangular ou pirâmide) em objetos do mundo físico, pela sua forma ou sua denominação.",H 62,,,,,
2024,2 ANO,MT,1EF10_M,"Reconhecer figuras geométricas planas (círculo, quadrado, retângulo ou triângulo) desenhadas em diferentes disposições.",,H 56,,,,
2024,2 ANO,MT,2EF01_M,"Contar a quantidade de objetos de uma coleção contendo até 50 elementos, apresentando o resultado em registro numérico.",,H 59,,,,
2024,2 ANO,MT,2EF02_M,"Comparar quantidades de objetos de duas coleções, contendo até 50 elementos cada, com suporte de imagens, indicando qual tem mais objetos e quantos a mais, qual tem menos objetos e quantos a menos ...",,H 60,,,,
2024,2 ANO,MT,2EF03_M,"Comparar números naturais formados por até três algarismos, indicando o menor, o maior, a ordenação crescente ou a decrescente deles.",,H 61,,,,
2024,2 ANO,MT,2EF04_M,Efetuar a operação de adição entre números naturais formados por até três algarismos.,,H 62,,,,
2024,2 ANO,MT,2EF05_M,"Utilizar a operação de adição entre números naturais, formados por até três algarismos, envolvendo o significado de juntar ou de acrescentar, com ou sem suporte de imagens, na resolução de problema.",,H 63,,,,
2024,2 ANO,MT,2EF06_M,"Utilizar a operação de subtração entre números naturais, formados por até três algarismos, envolvendo o significado de separar ou de retirar, com ou sem suporte de imagens, na resolução de problema.",,H 64,,,,
2024,2 ANO,MT,2EF08_M,"Interpretar localização de pessoas, animais ou objetos no espaço, considerando um ou mais de um ponto de referência e noções de orientação (à direita, à esquerda, em frente, atrás, em cima e/ou emb...",,H 65,,,,
2024,2 ANO,MT,2EF09_M,"Reconhecer figura geométrica espacial (cone, cilindro, esfera, cubo, bloco retangular ou pirâmide) em objetos do mundo físico, pela sua forma ou sua denominação.",,H 66,,,,
2024,2 ANO,MT,2EF12_M,"Corresponder coleções distintas de moedas e/ou de cédulas do sistema monetário brasileiro que representam uma mesma quantia, em situações do cotidiano.",,H 67,,,,
2024,2 ANO,MT,2EF15_M,"Interpretar dados estatísticos dispostos em tabelas simples, em gráficos de colunas ou de barras simples.",,H 68,,,,
2024,2 ANO,MT,2EF03_M,"Comparar números naturais formados por até três algarismos, indicando o menor, o maior, a ordenação crescente ou a decrescente deles.",,,H 01,,,
2024,2 ANO,MT,2EF04_M,Efetuar a operação de adição entre números naturais formados por até três algarismos.,,,H 02,,,
2024,2 ANO,MT,2EF05_M,"Utilizar a operação de adição entre números naturais, formados por até três algarismos, envolvendo o significado de juntar ou de acrescentar, com ou sem suporte de imagens, na resolução de problema.",,,H 03,,,
2024,2 ANO,MT,2EF06_M,"Utilizar a operação de subtração entre números naturais, formados por até três algarismos, envolvendo o significado de separar ou de retirar, com ou sem suporte de imagens, na resolução de problema.",,,H 04,,,
2024,2 ANO,MT,2EF07_M,Determinar termos ausentes em sequências repetitivas de números naturais formados por até três algarismos.,,,H 05,,,
2024,2 ANO,MT,2EF08_M,"Interpretar localização de pessoas, animais ou objetos no espaço, considerando um ou mais de um ponto de referência e noções de orientação (à direita, à esquerda, em frente, atrás, em cima e/ou emb...",,,H 06,,,
2024,2 ANO,MT,2EF10_M,"Medir comprimento, usando unidades de medidas padronizadas (metro, centímetro ou milímetro).",,,H 07,,,
2024,2 ANO,MT,2EF11_M,Reconhecer horário em relógio digital (hora e minuto).,,,H 08,,,
2024,2 ANO,MT,2EF12_M,"Corresponder coleções distintas de moedas e/ou de cédulas do sistema monetário brasileiro que representam uma mesma quantia, em situações do cotidiano.",,,H 09,,,
2024,2 ANO,MT,2EF13_M,"Classificar chance de ocorrência de evento, associado a um experimento aleatório, empregando termos como: impossível, certo, pouco provável ou muito provável, em situações do cotidiano.",,,H 10,,,
2024,2 ANO,MT,2EF14_M,Identificar dados estatísticos dispostos em tabelas de dupla entrada.,,,H 11,,,
2024,2 ANO,MT,2EF15_M,"Interpretar dados estatísticos dispostos em tabelas simples, em gráficos de colunas ou de barras simples.",,,H 12,,,
2024,3 ANO,LPL,1EF08_P,Ler palavras formadas exclusivamente por sílabas canônicas.,H 08,,,,,
2024,3 ANO,LPL,1EF09_P,Ler palavras formadas por sílabas não canônicas.,H 09,,,,,
2024,3 ANO,LPL,1EF13_P,Inferir informação em texto que articula linguagem verbal e não verbal.,H 12,,,,,
2024,3 ANO,LPL,1EF15_P,Identificar a finalidade de um texto do campo de atuação da vida cotidiana.,H 14,,,,,
2024,3 ANO,LPL,2EF08_P,"Localizar informações explícitas em textos, recuperadas por meio de paráfrase.",H 17,,,,,
2024,3 ANO,LPL,2EF11_P,Reconhecer o assunto de um texto quando o assunto é tópico do primeiro parágrafo.,H 19,,,,,
2024,3 ANO,LPL,2EF14_P,"Inferir o sentido de palavra ou expressão idiomática própria da linguagem informal, com base em pistas co-textuais (sinonímia, palavra do mesmo campo semântico).",H 20,,,,,
2024,3 ANO,LPL,2EF15_P,"Reconhecer o personagem principal de narrativas ficcionais, quando o personagem é citado no título ou é tópico do primeiro parágrafo.",H 21,,,,,
2024,3 ANO,LPL,2EF19_P,Reconhecer o efeito de sentido produzido pelo uso de recursos expressivos gráfico-visuais em tirinhas e histórias em quadrinhos.,H 22,,,,,
2024,3 ANO,LPL,3EF06_P,"Ler frases (sujeito, verbo, objeto direto e objeto indireto ou frase na ordem indireta).",H 26,,,,,
2024,3 ANO,LPL,3EF16_P,Reconhecer o gênero de um texto do campo da vida cotidiana.,H 29,,,,,
2024,3 ANO,LPL,1EF09_P,Ler palavras formadas por sílabas não canônicas.,,H 05,,,,
2024,3 ANO,LPL,1EF13_P,Inferir informação em texto que articula linguagem verbal e não verbal.,,H 09,,,,
2024,3 ANO,LPL,2EF08_P,"Localizar informações explícitas em textos, recuperadas por meio de paráfrase.",,H 13,,,,
2024,3 ANO,LPL,2EF11_P,Reconhecer o assunto de um texto quando o assunto é tópico do primeiro parágrafo.,,H 14,,,,
2024,3 ANO,LPL,3EF01_P,Identificar variações de sons de grafema no caso de correspondências regulares contextuais entre grafemas e fonemas (c/qu, g/gu, r/rr, s/ss).,,H 18,
2024,3 ANO,LPL,3EF06_P,"Ler frases (sujeito, verbo, objeto direto e objeto indireto ou frase na ordem indireta).",,H 19,,,,
2024,3 ANO,LPL,3EF09_P,Reconhecer o assunto de notícias quando o assunto é apontado pela manchete.,,H 20,,,,
2024,3 ANO,LPL,3EF11_P,"Inferir informação em textos verbais, com base numa paráfrase, na dedução a partir de um enunciado ou na conexão entre enunciados.",,H 21,,,,
2024,3 ANO,LPL,3EF15_P,"Reconhecer o tempo e o lugar de narrativas ficcionais, quando há pistas textuais que evidenciam esses elementos.",,H 22,,,,
2024,3 ANO,LPL,1EF09_P,Ler palavras formadas por sílabas não canônicas.,,,H 01,,,
2024,3 ANO,LPL,1EF13_P,Inferir informação em texto que articula linguagem verbal e não verbal.,,,H 02,,,
2024,3 ANO,LPL,2EF08_P,"Localizar informações explícitas em textos, recuperadas por meio de paráfrase.",,,H 03,,,
2024,3 ANO,LPL,2EF11_P,Reconhecer o assunto de um texto quando o assunto é tópico do primeiro parágrafo.,,,H 04,,,
2024,3 ANO,LPL,2EF19_P),Reconhecer o efeito de sentido produzido pelo uso de recursos expressivos gráfico-visuais em tirinhas e histórias em quadrinhos.,,,H 05,,,
2024,3 ANO,LPL,3EF01_P,Identificar variações de sons de grafema no caso de correspondências regulares contextuais entre grafemas e fonemas (c/qu, g/gu, r/rr, s/ss).,,,H 06
2024,3 ANO,LPL,3EF02_P,é o percentual de acerto nesta habilidadeIdentificar variações de sons de grafema no caso de correspondências irregulares entre grafemas e fonemas (j/g, c antes de e/i, sons do x - x/ch).,,,H 07,
2024,3 ANO,LPL,3EF03_P,Identificar variações de sons de grafema no caso de correspondências irregulares entre grafemas e fonemas (sons do z - s/z/x, sons do s - ss/c/ç/sc/sç/x/xc).,,,H 08,,
2024,3 ANO,LPL,3EF06_P,"Ler frases (sujeito, verbo, objeto direto e objeto indireto ou frase na ordem indireta).",,,H 09,,,
2024,3 ANO,LPL,3EF09_P,Reconhecer o assunto de notícias quando o assunto é apontado pela manchete.,,,H 10,,,
2024,3 ANO,LPL,3EF11_P,"Inferir informação em textos verbais, com base numa paráfrase, na dedução a partir de um enunciado ou na conexão entre enunciados.",,,H 11,,,
2024,3 ANO,LPL,3EF15_P,"Reconhecer o tempo e o lugar de narrativas ficcionais, quando há pistas textuais que evidenciam esses elementos.",,,H 12,,,
2024,3 ANO,LPL,3EF17_P,Reconhecer o gênero de um texto do campo da vida pública.,,,H 13,,,
2024,3 ANO,LPL,3EF19_P,Identificar a finalidade de textos do campo da vida pública (cartazes de conscientização).,,,H  14,,,
2024,3 ANO,LPL,3EF21_P,Reconhecer o efeito de sentido produzido pelos pontos de exclamação e interrogação.,,,H 15,,,
2024,3 ANO,LPL,3EF23_P,Identificar o referente de pronomes pessoais do caso reto (anafórico) com referente próximo.,,,H 16,,,
2024,3 ANO,MT,2EF07_M,Determinar termos ausentes em sequências repetitivas de números naturais formados por até três algarismos.,H 60,,,,,
2024,3 ANO,MT,2EF08_M,"Interpretar localização de pessoas, animais ou objetos no espaço, considerando um ou mais de um ponto de referência e noções de orientação (à direita, à esquerda, em frente, atrás, em cima e/ou emb...",H 61,,,,,
2024,3 ANO,MT,2EF12_M,"Corresponder coleções distintas de moedas e/ou de cédulas do sistema monetário brasileiro que representam uma mesma quantia, em situações do cotidiano.",H 63,,,,,
2024,3 ANO,MT,2EF13_M,"Classificar chance de ocorrência de evento, associado a um experimento aleatório, empregando termos como: impossível, certo, pouco provável ou muito provável, em situações do cotidiano.",H 64,,,,,
2024,3 ANO,MT,2EF14_M,Identificar dados estatísticos dispostos em tabelas de dupla entrada.,H 65,,,,,
2024,3 ANO,MT,2EF15_M,"Interpretar dados estatísticos dispostos em tabelas simples, em gráficos de colunas ou de barras simples.",H 66,,,,,
2024,3 ANO,MT,3EF01_M,"Comparar números naturais formados por até quatro algarismos, indicando o menor, o maior, a ordenação crescente ou a decrescente deles.",H 67,,,,,
2024,3 ANO,MT,3EF06_M,Efetuar a operação de adição entre números naturais formados por até quatro algarismos.,H 68,,,,,
2024,3 ANO,MT,3EF07_M,"Utilizar a operação de adição entre números naturais, formados por até quatro algarismos, envolvendo o significado de juntar ou de acrescentar, na resolução de problema.",H 69,,,,,
2024,3 ANO,MT,3EF09_M,"Utilizar a operação de subtração entre números naturais, formados por até quatro algarismos, envolvendo o significado de separar, de retirar, de comparar ou de completar, na resolução de problema.",H 71,,,,,
2024,3 ANO,MT,3EF15_M,"Medir comprimento, capacidade ou massa, usando unidades de medidas padronizadas (metro, centímetro, milímetro, litro, mililitro, quilograma, grama ou miligrama).",H 76,,,,,
2024,3 ANO,MT,3EF16_M,Reconhecer horário em relógio digital ou analógico (hora e minuto).,H 77,,,,,
2024,3 ANO,MT,3EF01_M,"Comparar números naturais formados por até quatro algarismos, indicando o menor, o maior, a ordenação crescente ou a decrescente deles.",,H 69,,,,
2024,3 ANO,MT,3EF02_M,Corresponder composições a decomposições de números naturais formados por até quatro algarismos.,,H 70,,,,
2024,3 ANO,MT,3EF03_M,"Identificar a ordem ocupada por um algarismo ou o algarismo que ocupa uma determinada ordem, em um número natural formado por até quatro algarismos.",,H 71,,,,
2024,3 ANO,MT,3EF04_M,Identificar o valor posicional de um algarismo em um número natural formado por até quatro algarismos.,,H 72,,,,
2024,3 ANO,MT,3EF05_M,"Corresponder número natural, formado por até quatro algarismos, à sua escrita por extenso.",,H 73,,,,
2024,3 ANO,MT,3EF06_M,Efetuar a operação de adição entre números naturais formados por até quatro algarismos.,,H 74,,,,
2024,3 ANO,MT,3EF07_M,"Utilizar a operação de adição entre números naturais, formados por até quatro algarismos, envolvendo o significado de juntar ou de acrescentar, na resolução de problema.",,H 75,,,,
2024,3 ANO,MT,3EF08_M,Efetuar a operação de subtração entre números naturais formados por até quatro algarismos.,,H 76,,,,
2024,3 ANO,MT,3EF09_M,"Utilizar a operação de subtração entre números naturais, formados por até quatro algarismos, envolvendo o significado de separar, de retirar, de comparar ou de completar, na resolução de problema.",,H 77,,,,
2024,3 ANO,MT,3EF11_M,"Determinar termos ausentes em sequências de números naturais, formados por até quatro algarismos, resultantes de adições ou de subtrações sucessivas por um mesmo número.",,H 78,,,,
2024,3 ANO,MT,3EF12_M,"Interpretar movimentação de pessoas, animais ou objetos no espaço, considerando mais de um ponto de referência e noções de orientação, indicando sua posição após finalizada a movimentação.",,H 79,,,,
2024,3 ANO,MT,3EF14_M,"Reconhecer figuras geométricas planas (triângulo, quadrado, retângulo, trapézio ou paralelogramo) desenhadas em diferentes disposições.",,H 80,,,,
2024,3 ANO,MT,3EF15_M,"Medir comprimento, capacidade ou massa, usando unidades de medidas padronizadas (metro, centímetro, milímetro, litro, mililitro, quilograma, grama ou miligrama).",,H 81,,,,
2024,3 ANO,MT,3EF02_M,Corresponder composições a decomposições de números naturais formados por até quatro algarismos.,,,H 01,,,
2024,3 ANO,MT,3EF03_M,"Identificar a ordem ocupada por um algarismo ou o algarismo que ocupa uma determinada ordem, em um número natural formado por até quatro algarismos.",,,H 02,,,
2024,3 ANO,MT,3EF04_M,Identificar o valor posicional de um algarismo em um número natural formado por até quatro algarismos.,,,H 03,,,
2024,3 ANO,MT,3EF05_M,"Corresponder número natural, formado por até quatro algarismos, à sua escrita por extenso.",,,H 04,,,
2024,3 ANO,MT,3EF06_M,Efetuar a operação de adição entre números naturais formados por até quatro algarismos.,,,H 05,,,
2024,3 ANO,MT,3EF07_M,"Utilizar a operação de adição entre números naturais, formados por até quatro algarismos, envolvendo o significado de juntar ou de acrescentar, na resolução de problema.",,,H 06,,,
2024,3 ANO,MT,3EF08_M,Efetuar a operação de subtração entre números naturais formados por até quatro algarismos.,,,H 07,,,
2024,3 ANO,MT,3EF09_M,"Utilizar a operação de subtração entre números naturais, formados por até quatro algarismos, envolvendo o significado de separar, de retirar, de comparar ou de completar, na resolução de problema.",,,H 08,,,
2024,3 ANO,MT,3EF10_M,"Utilizar a operação de multiplicação de um número natural, formado por até quatro algarismos, por 2, 3, 4, 5 ou 10, envolvendo o significado de adição de parcelas iguais ou de organização retangula...",,,H 09,,,
2024,3 ANO,MT,3EF11_M,"Determinar termos ausentes em sequências de números naturais, formados por até quatro algarismos, resultantes de adições ou de subtrações sucessivas por um mesmo número.",,,H 10,,,
2024,3 ANO,MT,3EF12_M,"Interpretar movimentação de pessoas, animais ou objetos no espaço, considerando mais de um ponto de referência e noções de orientação, indicando sua posição após finalizada a movimentação.",,,H 11,,,
2024,3 ANO,MT,3EF13_M,"Reconhecer figura geométrica espacial (cone, cilindro, esfera, cubo, bloco retangular ou pirâmide).",,,H 12,,,
2024,3 ANO,MT,3EF14_M,"Reconhecer figuras geométricas planas (triângulo, quadrado, retângulo, trapézio ou paralelogramo) desenhadas em diferentes disposições.",,,H 13,,,
2024,3 ANO,MT,3EF16_M,Reconhecer horário em relógio digital ou analógico (hora e minuto).,,,H 14,,,
2024,3 ANO,MT,3EF17_M,Interpretar dados estatísticos dispostos em tabelas de dupla entrada.,,,H 15,,,
2024,4 ANO,LPL,1EF09_P,Ler palavras formadas por sílabas não canônicas.,H 09,,,,,
2024,4 ANO,LPL,2EF08_P,"Localizar informações explícitas em textos, recuperadas por meio de paráfrase.",H 17,,,,,
2024,4 ANO,LPL,2EF19_P,Reconhecer o efeito de sentido produzido pelo uso de recursos expressivos gráfico-visuais em tirinhas e histórias em quadrinhos.,H 22,,,,,
2024,4 ANO,LPL,3EF01_P,Identificar variações de sons de grafema no caso de correspondências regulares contextuais entre grafemas e fonemas (c/qu, g/gu, r/rr, s/ss).,H 23,,
2024,4 ANO,LPL,3EF02_P,Identificar variações de sons de grafema no caso de correspondências irregulares entre grafemas e fonemas (j/g, c antes de e/i, sons do x - x/ch).,H 24,,,
2024,4 ANO,LPL,3EF03_P,Identificar variações de sons de grafema no caso de correspondências irregulares entre grafemas e fonemas (sons do z - s/z/x, sons do s - ss/c/ç/sc/sç/x/xc).,H 25,,,,
2024,4 ANO,LPL,3EF06_P,"Ler frases (sujeito, verbo, objeto direto e objeto indireto ou frase na ordem indireta).",H 26,,,,,
2024,4 ANO,LPL,3EF09_P,Reconhecer o assunto de notícias quando o assunto é apontado pela manchete., H27,,,,,
2024,4 ANO,LPL,3EF15_P,"Reconhecer o tempo e o lugar de narrativas ficcionais, quando há pistas textuais que evidenciam esses elementos.",H 28,,,,,
2024,4 ANO,LPL,3EF21_P,Reconhecer o efeito de sentido produzido pelos pontos de exclamação e interrogação.,H30,,,,,
2024,4 ANO,LPL,4EF10_P,"Inferir informação em texto exclusivamente verbal com base numa paráfrase, na dedução a partir de um enunciado ou na conexão entre enunciados.",H 31,,,,,
2024,4 ANO,LPL,4EF22_P,Reconhecer relações lógico-discursivas de causalidade marcadas por conjunções mais usuais em textos do campo da vida cotidiana e do campo artístico-literário.,H 36,,,,,
2024,4 ANO,LPL,4EF24_P,Identificar o referente de pronomes pessoais do caso reto (anafórico) com referente próximo em textos do campo da vida cotidiana e do campo artístico literário.,H 38,,,,,
2024,4 ANO,LPL,2EF08_P,"Localizar informações explícitas em textos, recuperadas por meio de paráfrase.",,H 13,,,,
2024,4 ANO,LPL,2EF14_P,"Inferir o sentido de palavra ou expressão idiomática própria da linguagem informal, com base em pistas co-textuais (sinonímia, palavra do mesmo campo semântico).",,H  15,,,,
2024,4 ANO,LPL,3EF17_P,Reconhecer o gênero de um texto do campo da vida pública.,,H 23,,,,
2024,4 ANO,LPL,4EF08_P,Reconhecer o assunto de notícias quando o assunto é apontado indiretamente pela manchete e/ou é tópico do primeiro parágrafo do texto.,,H 24,,,,
2024,4 ANO,LPL,4EF09_P,Reconhecer o assunto de textos de qualquer campo de atuação quando o assunto é indicado indiretamente pelo título e/ou tópico do primeiro parágrafo do texto.,,H 25,,,,
2024,4 ANO,LPL,4EF10_P,"Inferir informação em texto exclusivamente verbal com base numa paráfrase, na dedução a partir de um enunciado ou na conexão entre enunciados.",,H 26,,,,
2024,4 ANO,LPL,4EF12_P,"Inferir o sentido de palavra pouco usual ou expressão metafórica, com base em pistas co-textuais (sinonímia, palavra do mesmo campo semântico ou enunciado que permita dedução do sentido da palavra ...",,H 27,,,,
2024,4 ANO,LPL,4EF14_P,Inferir efeitos de humor em textos que conjugam linguagem verbal e não verbal.,,H 29,,,,
2024,4 ANO,LPL,4EF16_P,"Reconhecer o narrador em narrativas ficcionais, quando se trata do narrador em primeira pessoa.",,H 30,,,,
2024,4 ANO,LPL,4EF19_P,"Identificar a finalidade de textos do campo da vida pública (cartazes de conscientização, regras de convivência, estatutos).",,H 32,,,,
2024,4 ANO,LPL,4EF22_P,Reconhecer relações lógico-discursivas de causalidade marcadas por conjunções mais usuais em textos do campo da vida cotidiana e do campo artístico-literário.,,H 33,,,,
2024,4 ANO,LPL,4EF24_P,Identificar o referente de pronomes pessoais do caso reto (anafórico) com referente próximo textos do campo da vida cotidiana e do campo artístico literário.,,H 35,,,,
2024,4 ANO,LPL,2EF08_P,"Localizar informações explícitas em textos, recuperadas por meio de paráfrase.",,,H 01,,,
2024,4 ANO,LPL,2EF14_P,"Inferir o sentido de palavra ou expressão idiomática própria da linguagem informal, com base em pistas co-textuais (sinonímia, palavra do mesmo campo semântico).",,,H 02,,,
2024,4 ANO,LPL,3EF17_P,Reconhecer o gênero de um texto do campo da vida pública.,,,H 03,,,
2024,4 ANO,LPL,4EF10_P,"Inferir informação em texto exclusivamente verbal com base numa paráfrase, na dedução a partir de um enunciado ou na conexão entre enunciados.",,,H 04,,,
2024,4 ANO,LPL,4EF12_P,"Inferir o sentido de palavra pouco usual ou expressão metafórica, com base em pistas co-textuais (sinonímia, palavra do mesmo campo semântico ou enunciado que permita dedução do sentido da palavra ...",,,H 05,,,
2024,4 ANO,LPL,4EF14_P,Inferir efeitos de humor em textos que conjugam linguagem verbal e não verbal.,,,H 06,,,
2024,4 ANO,LPL,4EF16_P,"Reconhecer o narrador em narrativas ficcionais, quando se trata do narrador em primeira pessoa.",,,H 07,,,
2024,4 ANO,LPL,4EF17_P,"Identificar a opinião de um personagem em uma narrativa ficcional, estando a opinião marcada por um verbo opinativo.",,,H 08,,,
2024,4 ANO,LPL,4EF19_P,"Identificar a finalidade de textos do campo da vida pública (cartazes de conscientização, regras de convivência, estatutos).",,,H 09,,,
2024,4 ANO,LPL,4EF23_P,Reconhecer relações lógico-discursivas marcadas por advérbios e expressões adverbiais de tempo em textos de diferentes gêneros.,,,H 10,,,
2024,4 ANO,LPL,4EF25_P,Identificar o referente de substituições lexicais (substantivos por sinônimos) em textos de diferentes gêneros.,,,H 11,,,
2024,4 ANO,LPL,5EF04_P,Reconhecer o assunto de textos de qualquer campo de atuação quando o assunto é indicado indiretamente pelo título e/ou é tópico do primeiro parágrafo do texto.,,,H 12,,,
2024,4 ANO,MT,3EF06_M,Efetuar a operação de adição entre números naturais formados por até quatro algarismos.,H 68,,,,,
2024,4 ANO,MT,3EF07_M,"Utilizar a operação de adição entre números naturais, formados por até quatro algarismos, envolvendo o significado de juntar ou de acrescentar, na resolução de problema.",H 69,,,,,
2024,4 ANO,MT,3EF08_M,Efetuar a operação de subtração entre números naturais formados por até quatro algarismos.,H 70,,,,,
2024,4 ANO,MT,3EF09_M,"Utilizar a operação de subtração entre números naturais, formados por até quatro algarismos, envolvendo o significado de separar, de retirar, de comparar ou de completar, na resolução de problema.",H 71,,,,,
2024,4 ANO,MT,3EF11_M,"Determinar termos ausentes em sequências de números naturais, formados por até quatro algarismos, resultantes de adições ou de subtrações sucessivas por um mesmo número.",H 72,,,,,
2024,4 ANO,MT,3EF12_M,"Interpretar movimentação de pessoas, animais ou objetos no espaço, considerando mais de um ponto de referência e noções de orientação, indicando sua posição após finalizada a movimentação.",H 73,,,,,
2024,4 ANO,MT,3EF13_M,"Reconhecer figura geométrica espacial (cone, cilindro, esfera, cubo, bloco retangular ou pirâmide).",H 74,,,,,
2024,4 ANO,MT,3EF14_M,"Reconhecer figuras geométricas planas (triângulo, quadrado, retângulo, trapézio ou paralelogramo) desenhadas em diferentes disposições.",H 75,,,,,
2024,4 ANO,MT,3EF16_M,Reconhecer horário em relógio digital ou analógico (hora e minuto).,H 77,,,,,
2024,4 ANO,MT,3EF17_M,Interpretar dados estatísticos dispostos em tabelas de dupla entrada.,H 78,,,,,
2024,4 ANO,MT,4EF02_M,Corresponder composições a decomposições de números naturais formados por até cinco algarismos.,H 80,,,,,
2024,4 ANO,MT,4EF03_M,"Identificar a ordem ocupada por um algarismo ou o algarismo que ocupa uma determinada ordem, em um número natural formado por até cinco algarismos.",H 81,,,,,
2024,4 ANO,MT,4EF04_M,Identificar o valor posicional de um algarismo em um número natural formado por até cinco algarismos.,H 82,,,,,
2024,4 ANO,MT,4EF05_M,"Corresponder número natural, formado por até cinco algarismos, à sua escrita por extenso.",H 83,,,,,
2024,4 ANO,MT,4EF07_M,"Utilizar a operação de multiplicação entre números naturais, formados por até quatro algarismos, envolvendo o significado de adição de parcelas iguais, de organização retangular ou de proporcionali...",H 85,,,,,
2024,4 ANO,MT,3EF07_M,"Utilizar a operação de adição entre números naturais, formados por até quatro algarismos, envolvendo o significado de juntar ou de acrescentar, na resolução de problema.",,H 75,,,,
2024,4 ANO,MT,3EF09_M,"Utilizar a operação de subtração entre números naturais, formados por até quatro algarismos, envolvendo o significado de separar, de retirar, de comparar ou de completar, na resolução de problema.",,H 77,,,,
2024,4 ANO,MT,3EF14_M,"Reconhecer figuras geométricas planas (triângulo, quadrado, retângulo, trapézio ou paralelogramo) desenhadas em diferentes disposições.",,H 80,,,,
2024,4 ANO,MT,4EF01_M,"Comparar números naturais formados por até cinco algarismos, indicando o menor, o maior, a ordenação crescente ou a decrescente deles.",,H 82,,,,
2024,4 ANO,MT,4EF02_M,Corresponder composições a decomposições de números naturais formados por até cinco algarismos.,,H83,,,,
2024,4 ANO,MT,4EF03_M,"Identificar a ordem ocupada por um algarismo ou o algarismo que ocupa uma determinada ordem, em um número natural formado por até cinco algarismos.",,H 84,,,,
2024,4 ANO,MT,4EF04_M,Identificar o valor posicional de um algarismo em um número natural formado por até cinco algarismos.,,H 85,,,,
2024,4 ANO,MT,4EF05_M,"Corresponder número natural, formado por até cinco algarismos, à sua escrita por extenso.",,H 86,,,,
2024,4 ANO,MT,4EF06_M,Efetuar a operação de multiplicação entre números naturais formados por até quatro algarismos.,,H 87,,,,
2024,4 ANO,MT,4EF07_M,"Utilizar a operação de multiplicação entre números naturais, formados por até quatro algarismos, envolvendo o significado de adição de parcelas iguais, de organização retangular ou de proporcionali...",,H 88,,,,
2024,4 ANO,MT,4EF08_M,"Efetuar a operação de divisão de um número natural, formado por até quatro algarismos, por outro, formado por até dois algarismos.",,H 89,,,,
2024,4 ANO,MT,4EF09_M,"Utilizar a operação de divisão de um número natural, formado por até quatro algarismos, por outro, formado por até dois algarismos, envolvendo o significado de repartição equitativa ou de medida, n...",,H 90,,,,
2024,4 ANO,MT,4EF10_M,Reconhecer ângulos retos e ângulos não retos em figuras geométricas planas.,,H 91,,,,
2024,4 ANO,MT,4EF12_M,"Utilizar valores do sistema monetário brasileiro em situações do cotidiano, na resolução de problema.",,H 93,,,,
2024,4 ANO,MT,3EF04_M,Identificar o valor posicional de um algarismo em um número natural formado por até quatro algarismos.,,,H 01,,,
2024,4 ANO,MT,3EF07_M,"Utilizar a operação de adição entre números naturais, formados por até quatro algarismos, envolvendo o significado de juntar ou de acrescentar, na resolução de problema.",,,H 02,,,
2024,4 ANO,MT,3EF09_M,"Utilizar a operação de subtração entre números naturais, formados por até quatro algarismos, envolvendo o significado de separar, de retirar, de comparar ou de completar, na resolução de problema.",,,H 03,,,
2024,4 ANO,MT,3EF14_M,"Reconhecer figuras geométricas planas (triângulo, quadrado, retângulo, trapézio ou paralelogramo) desenhadas em diferentes disposições.",,,H 04,,,
2024,4 ANO,MT,3EF17_M,Interpretar dados estatísticos dispostos em tabelas de dupla entrada.,,,H 05,,,
2024,4 ANO,MT,4EF01_M,"Comparar números naturais formados por até cinco algarismos, indicando o menor, o maior, a ordenação crescente ou a decrescente deles.",,,H 06,,,
2024,4 ANO,MT,4EF02_M,Corresponder composições a decomposições de números naturais formados por até cinco algarismos.,,,H 07,,,
2024,4 ANO,MT,4EF03_M,"Identificar a ordem ocupada por um algarismo ou o algarismo que ocupa uma determinada ordem, em um número natural formado por até cinco algarismos.",,,H 08,,,
2024,4 ANO,MT,4EF04_M,Identificar o valor posicional de um algarismo em um número natural formado por até cinco algarismos.,,,H 09,,,
2024,4 ANO,MT,4EF06_M,Efetuar a operação de multiplicação entre números naturais formados por até quatro algarismos.,,,H 10,,,
2024,4 ANO,MT,4EF07_M,"Utilizar a operação de multiplicação entre números naturais, formados por até quatro algarismos, envolvendo o significado de adição de parcelas iguais, de organização retangular ou de proporcionali...",,,H 11,,,
2024,4 ANO,MT,4EF08_M,"Efetuar a operação de divisão de um número natural, formado por até quatro algarismos, por outro, formado por até dois algarismos.",,,H 12,,,
2024,4 ANO,MT,4EF09_M,"Utilizar a operação de divisão de um número natural, formado por até quatro algarismos, por outro, formado por até dois algarismos, envolvendo o significado de repartição equitativa ou de medida, n...",,,H 13,,,
2024,4 ANO,MT,4EF10_M,Reconhecer ângulos retos e ângulos não retos em figuras geométricas planas.,,,H 14,,,
2024,4 ANO,MT,4EF11_M,"Medir área de figuras planas, desenhadas em malha quadriculada, cujos lados se posicionam sobre linhas de grade da malha.",,,H 15,,,
2024,4 ANO,MT,4EF12_M,"Utilizar valores do sistema monetário brasileiro em situações do cotidiano, na resolução de problema",,,H 16,,,
2024,4 ANO,MT,4EF13_M,"Identificar, dentre resultados possíveis de um experimento aleatório, os que apresentam maiores ou menores chances de ocorrência.",,,H 17,,,
2024,4 ANO,MT,4EF14_M,Interpretar dados estatísticos dispostos em gráficos de colunas ou de barras agrupadas.,,,H 18,,,
2024,5 ANO,LPL,2EF08_P,"Localizar informações explícitas em textos, recuperadas por meio de paráfrase.",H 17,,,,,
2024,5 ANO,LPL,3EF06_P,"Ler frases (sujeito, verbo, objeto direto e objeto indireto ou frase na ordem indireta).",H 26,,,,,
2024,5 ANO,LPL,3EF09_P,Reconhecer o assunto de notícias quando o assunto é apontado pela manchete.,H 27,,,,,
2024,5 ANO,LPL,3EF15_P,"Reconhecer o tempo e o lugar de narrativas ficcionais, quando há pistas textuais que evidenciam esses elementos.",H 28,,,,,
2024,5 ANO,LPL,4EF10_P,"Inferir informação em texto exclusivamente verbal com base numa paráfrase, na dedução a partir de um enunciado ou na conexão entre enunciados.",H 31,,,,,
2024,5 ANO,LPL,4EF13_P,Inferir o sentido de metáforas poéticas em textos do campo artístico literário.,H 32,,,,,
2024,5 ANO,LPL,4EF14_P,Inferir efeitos de humor em textos que conjugam linguagem verbal e não verbal.,H 33,,,,,
2024,5 ANO,LPL,4EF16_P,"Reconhecer o narrador em narrativas ficcionais, quando se trata do narrador em primeira pessoa.",H 34,,,,,
2024,5 ANO,LPL,4EF17_P,"Identificar a opinião de um personagem em uma narrativa ficcional, estando a opinião marcada por um verbo opinativo.",H 35,,,,,
2024,5 ANO,LPL,4EF23_P,Reconhecer relações lógico-discursivas marcadas por advérbios e expressões adverbiais de tempo em textos de diferentes gêneros.,H 37,,,,,
2024,5 ANO,LPL,5EF04_P,Reconhecer o assunto de textos de qualquer campo de atuação quando o assunto é indicado indiretamente pelo título e/ou é tópico do primeiro parágrafo do texto.,H 39,,,,,
2024,5 ANO,LPL,5EF06_P,"Inferir, em textos de nível 2, o sentido de palavras ou expressões não coloquiais, com apoio de pistas co-textuais (sinonímia, antonímia, palavras do mesmo campo semêntico e outras sinalizações).",H 40,,,,,
2024,5 ANO,LPL,5EF15_P,Reconhecer o gênero de textos que circulam nos diferentes campos de atuação.,H 41,,,,,
2024,5 ANO,LPL,5EF16_P,"Identificar a finalidade de textos dos campos de atuação da vida cotidiana, jornalístico midiático ou de estudos e pesquisas pela compreensão global.",H 42,,,,,
2024,5 ANO,LPL,5EF19_P,"Reconhecer o efeito de sentido do uso de aspas, reticências e parênteses em textos de diferentes gêneros.",H 43,,,,,
2024,5 ANO,LPL,5EF22_P,Identificar o referente de pronomes pessoais do caso reto (anafórico) com referente próximo ou saliente (tópico do texto) ou de substituições lexicais (substantivos por sinônimos) em textos de dife...,H 44,,,,,
2024,5 ANO,LPL,2EF08_P,"Localizar informações explícitas em textos, recuperadas por meio de paráfrase.",,H 13,,,,
2024,5 ANO,LPL,4EF09_P,Reconhecer o assunto de textos de qualquer campo de atuação quando o assunto é indicado indiretamente pelo título e/ou tópico do primeiro parágrafo do texto.,,H 25,,,,
2024,5 ANO,LPL,4EF10_P,"Inferir informação em texto exclusivamente verbal com base numa paráfrase, na dedução a partir de um enunciado ou na conexão entre enunciados.",,H 26,,,,
2024,5 ANO,LPL,4EF12_P,"Inferir o sentido de palavra pouco usual ou expressão metafórica, com base em pistas co-textuais (sinonímia, palavra do mesmo campo semântico ou enunciado que permita dedução do sentido da palavra ...",,H 27,,,,
2024,5 ANO,LPL,4EF13_P,Inferir o sentido de metáforas poéticas em textos do campo artístico literário.,,H 28,,,,
2024,5 ANO,LPL,4EF14_P,Inferir efeitos de humor em textos que conjugam linguagem verbal e não verbal.,,H 29,,,,
2024,5 ANO,LPL,4EF17_P,"Identificar a opinião de um personagem em uma narrativa ficcional, estando a opinião marcada por um verbo opinativo.",,H 31,,,,
2024,5 ANO,LPL,4EF23_P,Reconhecer relações lógico-discursivas marcadas por advérbios e expressões adverbiais de tempo em textos de diferentes gêneros.,,H 34,,,,
2024,5 ANO,LPL,5EF03_P,"Localizar informação em textos de nível 2, quando a informação é retomada, no texto, por um processo de referenciação quando o referente está próximo.",,H 36,,,,
2024,5 ANO,LPL,5EF04_P,Reconhecer o assunto de textos de qualquer campo de atuação quando o assunto é indicado indiretamente pelo título e/ou é tópico do primeiro parágrafo do texto.,,H 37,,,,
2024,5 ANO,LPL,5EF05_P,"Inferir o assunto de textos dos campos de atuação da vida cotidiana, jornalístico midiático ou de estudos e pesquisas pela compreensão global.",,H 38,,,,
2024,5 ANO,LPL,5EF09_P,Inferir efeitos de crítica em textos que conjugam linguagem verbal e não verbal.,,H 39,,,,
2024,5 ANO,LPL,5EF14_P,Reconhecer o conflito gerador do enredo em narrativas ficcionais.,,H 40,,,,
2024,5 ANO,LPL,5EF15_P,Reconhecer o gênero de textos que circulam nos diferentes campos de atuação.,,H 41,,,,
2024,5 ANO,LPL,5EF16_P,"Identificar a finalidade de textos dos campos de atuação da vida cotidiana, jornalístico midiático ou de estudos e pesquisas pela compreensão global.",,H 42,,,,
2024,5 ANO,LPL,5EF18_P,Reconhecer o efeito de sentido produzido pela diagramação das letras na página em poemas visuais.,,H 43,,,,
2024,5 ANO,LPL,5EF19_P,"Reconhecer o efeito de sentido do uso de aspas, reticências e parênteses em textos de diferentes gêneros.",,H 44,,,,
2024,5 ANO,LPL,5EF21_P,"Reconhecer, relações lógico-discursivas marcadas por conjunções mais usuais em textos dediferentes gêneros.",,H 45,,,,
2024,5 ANO,LPL,5EF22_P,Identificar o referente de pronomes pessoais do caso reto (anafórico) com referente próximo ou saliente (tópico do texto) ou de substituições lexicais (substantivos por sinônimos) em textos de dife...,,H 46,,,,
2024,5 ANO,LPL,5EF23_P,"Identificar o referente de uma expressão nominal com pronome adjetivo (possessivo, demonstrativo, indefinido) ou de elipses.",,H 47,,,,
2024,5 ANO,LPL,2EF08_P,"Localizar informações explícitas em textos, recuperadas por meio de paráfrase.",,,H 01,,,
2024,5 ANO,LPL,4EF10_P,"Inferir informação em texto exclusivamente verbal com base numa paráfrase, na dedução a partir de um enunciado ou na conexão entre enunciados.",,,H 02,,,
2024,5 ANO,LPL,4EF12_P,"Inferir o sentido de palavra pouco usual ou expressão metafórica, com base em pistas co-textuais (sinonímia, palavra do mesmo campo semântico ou enunciado que permita dedução do sentido da palavra ...",,,H 03,,,
2024,5 ANO,LPL,4EF13_P,Inferir o sentido de metáforas poéticas em textos do campo artístico literário.,,,H 04,,,
2024,5 ANO,LPL,4EF17_P,"Identificar a opinião de um personagem em uma narrativa ficcional, estando a opinião marcada por um verbo opinativo.",,,H 05,,,
2024,5 ANO,LPL,4EF23_P,Reconhecer relações lógico-discursivas marcadas por advérbios e expressões adverbiais de tempo em textos de diferentes gêneros.,,,H 06,,,
2024,5 ANO,LPL,5EF03_P,"Localizar informação em textos de nível 2, quando a informação é retomada, no texto, por um processo de referenciação quando o referente está próximo.",,,H 07,,,
2024,5 ANO,LPL,5EF04_P,Reconhecer o assunto de textos de qualquer campo de atuação quando o assunto é indicado indiretamente pelo título e/ou é tópico do primeiro parágrafo do texto.,,,H 08,,,
2024,5 ANO,LPL,5EF05_P,"Inferir o assunto de textos dos campos de atuação da vida cotidiana, jornalístico midiático ou de estudos e pesquisas pela compreensão global.",,,H 09,,,
2024,5 ANO,LPL,5EF09_P,Inferir efeitos de crítica em textos que conjugam linguagem verbal e não verbal.,,,H 10,,,
2024,5 ANO,LPL,5EF10_P,"Inferir o sentido de palavra ou expressão idiomática e outras expressões metafóricas, sem apoio em pistas co-textuais.",,,H 11,,,
2024,5 ANO,LPL,5EF11_P,Inferir informação com base no sentido global do texto.,,,H 12,,,
2024,5 ANO,LPL,5EF14_P,Reconhecer o conflito gerador do enredo em narrativas ficcionais.,,,H 13,,,
2024,5 ANO,LPL,5EF15_P,Reconhecer o gênero de textos que circulam nos diferentes campos de atuação.,,,H 14,,,
2024,5 ANO,LPL,5EF16_P,"Identificar a finalidade de textos dos campos de atuação da vida cotidiana, jornalístico midiático ou de estudos e pesquisas pela compreensão global.",,,H 15,,,
2024,5 ANO,LPL,5EF17_P,Identificar a finalidade de textos dramáticos.,,,H 16,,,
2024,5 ANO,LPL,5EF18_P,Reconhecer o efeito de sentido produzido pela diagramação das letras na página em poemas visuais.,,,H 17,,,
2024,5 ANO,LPL,5EF19_P,"Reconhecer o efeito de sentido do uso de aspas, reticências e parênteses em textos de diferentes gêneros.",,,H 18,,,
2024,5 ANO,LPL,5EF21_P,Reconhecer relações lógico-discursivas marcadas por conjunções mais usuais em textos de diferentes gêneros.,,,H 19,,,
2024,5 ANO,LPL,5EF22_P,Identificar o referente de pronomes pessoais do caso reto (anafórico) com referente próximo ou saliente (tópico do texto) ou de substituições lexicais (substantivos por sinônimos) em textos de dife...,,,H 20,,,
2024,5 ANO,LPL,5EF23_P,"Identificar o referente de uma expressão nominal com pronome adjetivo (possessivo, demonstrativo, indefinido) ou de elipses.",,,H 21,,,
2024,5 ANO,MT,3EF04_M,Identificar o valor posicional de um algarismo em um número natural formado por até quatro algarismos.,H 01,,,,,
2024,5 ANO,MT,3EF07_M,"Utilizar a operação de adição entre números naturais, formados por até quatro algarismos, envolvendo o significado de juntar ou de acrescentar, na resolução de problema.",H 02,,,,,
2024,5 ANO,MT,3EF14_M,"Reconhecer figuras geométricas planas (triângulo, quadrado, retângulo, trapézio ou paralelogramo) desenhadas em diferentes disposições.",H 03,,,,,
2024,5 ANO,MT,3EF17_M,Interpretar dados estatísticos dispostos em tabelas de dupla entrada.,H 04,,,,,
2024,5 ANO,MT,4EF07_M,"Utilizar a operação de multiplicação entre números naturais, formados por até quatro algarismos, envolvendo o significado de adição de parcelas iguais, de organização retangular ou de proporcionali...",H 05,,,,,
2024,5 ANO,MT,4EF09_M,"Utilizar a operação de divisão de um número natural, formado por até quatro algarismos, por outro, formado por até dois algarismos, envolvendo o significado de repartição equitativa ou de medida, n...",H 06,,,,,
2024,5 ANO,MT,4EF11_M,"Medir área de figuras planas, desenhadas em malha quadriculada, cujos lados se posicionam sobre linhas de grade da malha.",H 07,,,,,
2024,5 ANO,MT,5EF01_M,"Comparar números racionais positivos, em representação fracionária com denominadores iguais, indicando o menor, o maior, a ordenação crescente ou a decrescente deles.",H 08,,,,,
2024,5 ANO,MT,5EF02_M,Representar fração associada ao significado de parte de um todo.,H 09,,,,,
2024,5 ANO,MT,5EF03_M,"Identificar objeto ou sua localização em representação no plano, referenciada por linhas e colunas.",H 10,,,,,
2024,5 ANO,MT,5EF04_M,"Corresponder figuras geométricas espaciais (cilindro, cone, prisma ou pirâmide) à uma de suas planificações.",H 11,,,,,
2024,5 ANO,MT,5EF05_M,"Reconhecer polígonos em relação à quantidade de lados, vértices ou ângulos.",H 12,,,,,
2024,5 ANO,MT,5EF06_M,"Converter unidades de medida padronizadas mais usuais das grandezas comprimento, massa, tempo ou capacidade.",H 13,,,,,
2024,5 ANO,MT,5EF07_M,"Interpretar dados estatísticos dispostos em gráficos de colunas agrupadas, de barras agrupadas ou de linhas.",H 14,,,,,
2024,5 ANO,MT,3EF07_M,"Utilizar a operação de adição entre números naturais, formados por até quatro algarismos, envolvendo o significado de juntar ou de acrescentar, na resolução de problema.",,H 75,,,,
2024,5 ANO,MT,3EF09_M,"Utilizar a operação de subtração entre números naturais, formados por até quatro algarismos, envolvendo o significado de separar, de retirar, de comparar ou de completar, na resolução de problema.",,H 77,,,,
2024,5 ANO,MT,4EF01_M,"Comparar números naturais formados por até cinco algarismos, indicando o menor, o maior, a ordenação crescente ou a decrescente deles.",,H 82,,,,
2024,5 ANO,MT,4EF02_M,Corresponder composições a decomposições de números naturais formados por até cinco algarismos.,,H 83,,,,
2024,5 ANO,MT,4EF03_M,"Identificar a ordem ocupada por um algarismo ou o algarismo que ocupa uma determinada ordem, em um número natural formado por até cinco algarismos.",,H 84,,,,
2024,5 ANO,MT,4EF04_M,Identificar o valor posicional de um algarismo em um número natural formado por até cinco algarismos.,,H 85,,,,
2024,5 ANO,MT,4EF07_M,"Utilizar a operação de multiplicação entre números naturais, formados por até quatro algarismos, envolvendo o significado de adição de parcelas iguais, de organização retangular ou de proporcionali...",,H 88,,,,
2024,5 ANO,MT,4EF09_M,"Utilizar a operação de divisão de um número natural, formado por até quatro algarismos, por outro, formado por até dois algarismos, envolvendo o significado de repartição equitativa ou de medida, n...",,H 90,,,,
2024,5 ANO,MT,4EF11_M,"Medir área de figuras planas, desenhadas em malha quadriculada, cujos lados se posicionam sobre linhas de grade da malha.",,H 92,,,,
2024,5 ANO,MT,4EF12_M,"Utilizar valores do sistema monetário brasileiro em situações do cotidiano, na resolução de problema.",,H 93,,,,
2024,5 ANO,MT,5EF02_M,Representar fração associada ao significado de parte de um todo.,,H 94,,,,
2024,5 ANO,MT,5EF04_M,"Corresponder figuras geométricas espaciais (cilindro, cone, prisma ou pirâmide) à uma de suas planificações.",,H 95,,,,
2024,5 ANO,MT,5EF05_M,"Reconhecer polígonos em relação à quantidade de lados, vértices ou ângulos.",,H 96,,,,
2024,5 ANO,MT,5EF06_M,"Converter unidades de medida padronizadas mais usuais das grandezas comprimento, massa, tempo ou capacidade.",,H 97,,,,
2024,5 ANO,MT,5EF07_M,"Interpretar dados estatísticos dispostos em gráficos de colunas agrupadas, de barras agrupadas ou de linhas.",,H 98,,,,
2024,5 ANO,MT,3EF04_M,Identificar o valor posicional de um algarismo em um número natural formado por até quatro algarismos.,,,H 01,,,
2024,5 ANO,MT,3EF07_M,"Utilizar a operação de adição entre números naturais, formados por até quatro algarismos, envolvendo o significado de juntar ou de acrescentar, na resolução de problema.",,,H 02,,,
2024,5 ANO,MT,3EF14_M,"Reconhecer figuras geométricas planas (triângulo, quadrado, retângulo, trapézio ou paralelogramo) desenhadas em diferentes disposições.",,,H 03,,,
2024,5 ANO,MT,3EF17_M,Interpretar dados estatísticos dispostos em tabelas de dupla entrada.,,,H 04,,,
2024,5 ANO,MT,4EF07_M,"Utilizar a operação de multiplicação entre números naturais, formados por até quatro algarismos, envolvendo o significado de adição de parcelas iguais, de organização retangular ou de proporcionali...",,,H 05,,,
2024,5 ANO,MT,4EF09_M,"Utilizar a operação de divisão de um número natural, formado por até quatro algarismos, por outro, formado por até dois algarismos, envolvendo o significado de repartição equitativa ou de medida, n...",,,H 06,,,
2024,5 ANO,MT,4EF11_M,"Medir área de figuras planas, desenhadas em malha quadriculada, cujos lados se posicionam sobre linhas de grade da malha.",,,H 07,,,
2024,5 ANO,MT,5EF01_M,"Comparar números racionais positivos, em representação fracionária com denominadores iguais, indicando o menor, o maior, a ordenação crescente ou a decrescente deles.",,,H 08,,,
2024,5 ANO,MT,5EF02_M,Representar fração associada ao significado de parte de um todo.,,,H 09,,,
2024,5 ANO,MT,5EF03_M,"Identificar objeto ou sua localização em representação no plano, referenciada por linhas e colunas.",,,H 10,,,
2024,5 ANO,MT,5EF04_M,"Corresponder figuras geométricas espaciais (cilindro, cone, prisma ou pirâmide) à uma de suas planificações.",,,H 11,,,
2024,5 ANO,MT,5EF05_M,"Reconhecer polígonos em relação à quantidade de lados, vértices ou ângulos.",,,H 12,,,
2024,5 ANO,MT,5EF06_M,"Converter unidades de medida padronizadas mais usuais das grandezas comprimento, massa, tempo ou capacidade.",,,H 13,,,
2024,5 ANO,MT,5EF07_M,"Interpretar dados estatísticos dispostos em gráficos de colunas agrupadas, de barras agrupadas ou de linhas.",,,H 14,,,
